Component,Component_KO,Chapter_Code,Chapter_Name_EN,Chapter_Name_KO,Item_Number,Total_in_Chapter,Full_Code,English_Term,Korean_Term,Definition_EN,Definition_KO,Status,Translator,Reviewer,Date_Started,Date_Completed,Priority,Notes
body_functions,Body Functions,b1,Mental Functions,정신 기능,1,65,b101,,,,,Not Started,,,,,High,
body_functions,Body Functions,b1,Mental Functions,정신 기능,2,65,b102,,,,,Not Started,,,,,High,
body_functions,Body Functions,b1,Mental Functions,정신 기능,3,65,b103,,,,,Not Started,,,,,High,
body_functions,Body Functions,b1,Mental Functions,정신 기능,4,65,b104,,,,,Not Started,,,,,High,
body_functions,Body Functions,b1,Mental Functions,정신 기능,5,65,b105,,,,,Not Started,,,,,High,
body_functions,Body Functions,b1,Mental Functions,정신 기능,6,65,b106,,,,,Not Started,,,,,High,
body_functions,Body Functions,b1,Mental Functions,정신 기능,7,65,b107,,,,,Not Started,,,,,High,
body_functions,Body Functions,b1,Mental Functions,정신 기능,8,65,b108,,,,,Not Started,,,,,High,
body_functions,Body Functions,b1,Mental Functions,정신 기능,9,65,b109,,,,,Not Started,,,,,High,
body_functions,Body Functions,b1,Mental Functions,정신 기능,10,65,b110,,,,,Not Started,,,,,High,
body_functions,Body Functions,b1,Mental Functions,정신 기능,11,65,b111,,,,,Not Started,,,,,High,
body_functions,Body Functions,b1,Mental Functions,정신 기능,12,65,b112,,,,,Not Started,,,,,High,
body_functions,Body Functions,b1,Mental Functions,정신 기능,13,65,b113,,,,,Not Started,,,,,High,
body_functions,Body Functions,b1,Mental Functions,정신 기능,14,65,b114,,,,,Not Started,,,,,High,
body_functions,Body Functions,b1,Mental Functions,정신 기능,15,65,b115,,,,,Not Started,,,,,High,
body_functions,Body Functions,b1,Mental Functions,정신 기능,16,65,b116,,,,,Not Started,,,,,High,
body_functions,Body Functions,b1,Mental Functions,정신 기능,17,65,b117,,,,,Not Started,,,,,High,
body_functions,Body Functions,b1,Mental Functions,정신 기능,18,65,b118,,,,,Not Started,,,,,High,
body_functions,Body Functions,b1,Mental Functions,정신 기능,19,65,b119,,,,,Not Started,,,,,High,
body_functions,Body Functions,b1,Mental Functions,정신 기능,20,65,b120,,,,,Not Started,,,,,High,
body_functions,Body Functions,b1,Mental Functions,정신 기능,21,65,b121,,,,,Not Started,,,,,High,
body_functions,Body Functions,b1,Mental Functions,정신 기능,22,65,b122,,,,,Not Started,,,,,High,
body_functions,Body Functions,b1,Mental Functions,정신 기능,23,65,b123,,,,,Not Started,,,,,High,
body_functions,Body Functions,b1,Mental Functions,정신 기능,24,65,b124,,,,,Not Started,,,,,High,
body_functions,Body Functions,b1,Mental Functions,정신 기능,25,65,b125,,,,,Not Started,,,,,High,
body_functions,Body Functions,b1,Mental Functions,정신 기능,26,65,b126,,,,,Not Started,,,,,High,
body_functions,Body Functions,b1,Mental Functions,정신 기능,27,65,b127,,,,,Not Started,,,,,High,
body_functions,Body Functions,b1,Mental Functions,정신 기능,28,65,b128,,,,,Not Started,,,,,High,
body_functions,Body Functions,b1,Mental Functions,정신 기능,29,65,b129,,,,,Not Started,,,,,High,
body_functions,Body Functions,b1,Mental Functions,정신 기능,30,65,b130,,,,,Not Started,,,,,High,
body_functions,Body Functions,b1,Mental Functions,정신 기능,31,65,b131,,,,,Not Started,,,,,High,
body_functions,Body Functions,b1,Mental Functions,정신 기능,32,65,b132,,,,,Not Started,,,,,High,
body_functions,Body Functions,b1,Mental Functions,정신 기능,33,65,b133,,,,,Not Started,,,,,High,
body_functions,Body Functions,b1,Mental Functions,정신 기능,34,65,b134,,,,,Not Started,,,,,High,
body_functions,Body Functions,b1,Mental Functions,정신 기능,35,65,b135,,,,,Not Started,,,,,High,
body_functions,Body Functions,b1,Mental Functions,정신 기능,36,65,b136,,,,,Not Started,,,,,High,
body_functions,Body Functions,b1,Mental Functions,정신 기능,37,65,b137,,,,,Not Started,,,,,High,
body_functions,Body Functions,b1,Mental Functions,정신 기능,38,65,b138,,,,,Not Started,,,,,High,
body_functions,Body Functions,b1,Mental Functions,정신 기능,39,65,b139,,,,,Not Started,,,,,High,
body_functions,Body Functions,b1,Mental Functions,정신 기능,40,65,b140,,,,,Not Started,,,,,High,
body_functions,Body Functions,b1,Mental Functions,정신 기능,41,65,b141,,,,,Not Started,,,,,High,
body_functions,Body Functions,b1,Mental Functions,정신 기능,42,65,b142,,,,,Not Started,,,,,High,
body_functions,Body Functions,b1,Mental Functions,정신 기능,43,65,b143,,,,,Not Started,,,,,High,
body_functions,Body Functions,b1,Mental Functions,정신 기능,44,65,b144,,,,,Not Started,,,,,High,
body_functions,Body Functions,b1,Mental Functions,정신 기능,45,65,b145,,,,,Not Started,,,,,High,
body_functions,Body Functions,b1,Mental Functions,정신 기능,46,65,b146,,,,,Not Started,,,,,High,
body_functions,Body Functions,b1,Mental Functions,정신 기능,47,65,b147,,,,,Not Started,,,,,High,
body_functions,Body Functions,b1,Mental Functions,정신 기능,48,65,b148,,,,,Not Started,,,,,High,
body_functions,Body Functions,b1,Mental Functions,정신 기능,49,65,b149,,,,,Not Started,,,,,High,
body_functions,Body Functions,b1,Mental Functions,정신 기능,50,65,b150,,,,,Not Started,,,,,High,
body_functions,Body Functions,b1,Mental Functions,정신 기능,51,65,b151,,,,,Not Started,,,,,High,
body_functions,Body Functions,b1,Mental Functions,정신 기능,52,65,b152,,,,,Not Started,,,,,High,
body_functions,Body Functions,b1,Mental Functions,정신 기능,53,65,b153,,,,,Not Started,,,,,High,
body_functions,Body Functions,b1,Mental Functions,정신 기능,54,65,b154,,,,,Not Started,,,,,High,
body_functions,Body Functions,b1,Mental Functions,정신 기능,55,65,b155,,,,,Not Started,,,,,High,
body_functions,Body Functions,b1,Mental Functions,정신 기능,56,65,b156,,,,,Not Started,,,,,High,
body_functions,Body Functions,b1,Mental Functions,정신 기능,57,65,b157,,,,,Not Started,,,,,High,
body_functions,Body Functions,b1,Mental Functions,정신 기능,58,65,b158,,,,,Not Started,,,,,High,
body_functions,Body Functions,b1,Mental Functions,정신 기능,59,65,b159,,,,,Not Started,,,,,High,
body_functions,Body Functions,b1,Mental Functions,정신 기능,60,65,b160,,,,,Not Started,,,,,High,
body_functions,Body Functions,b1,Mental Functions,정신 기능,61,65,b161,,,,,Not Started,,,,,High,
body_functions,Body Functions,b1,Mental Functions,정신 기능,62,65,b162,,,,,Not Started,,,,,High,
body_functions,Body Functions,b1,Mental Functions,정신 기능,63,65,b163,,,,,Not Started,,,,,High,
body_functions,Body Functions,b1,Mental Functions,정신 기능,64,65,b164,,,,,Not Started,,,,,High,
body_functions,Body Functions,b1,Mental Functions,정신 기능,65,65,b165,,,,,Not Started,,,,,High,
body_functions,Body Functions,b2,Sensory Functions and Pain,감각 기능 및 통증,1,45,b201,,,,,Not Started,,,,,High,
body_functions,Body Functions,b2,Sensory Functions and Pain,감각 기능 및 통증,2,45,b202,,,,,Not Started,,,,,High,
body_functions,Body Functions,b2,Sensory Functions and Pain,감각 기능 및 통증,3,45,b203,,,,,Not Started,,,,,High,
body_functions,Body Functions,b2,Sensory Functions and Pain,감각 기능 및 통증,4,45,b204,,,,,Not Started,,,,,High,
body_functions,Body Functions,b2,Sensory Functions and Pain,감각 기능 및 통증,5,45,b205,,,,,Not Started,,,,,High,
body_functions,Body Functions,b2,Sensory Functions and Pain,감각 기능 및 통증,6,45,b206,,,,,Not Started,,,,,High,
body_functions,Body Functions,b2,Sensory Functions and Pain,감각 기능 및 통증,7,45,b207,,,,,Not Started,,,,,High,
body_functions,Body Functions,b2,Sensory Functions and Pain,감각 기능 및 통증,8,45,b208,,,,,Not Started,,,,,High,
body_functions,Body Functions,b2,Sensory Functions and Pain,감각 기능 및 통증,9,45,b209,,,,,Not Started,,,,,High,
body_functions,Body Functions,b2,Sensory Functions and Pain,감각 기능 및 통증,10,45,b210,,,,,Not Started,,,,,High,
body_functions,Body Functions,b2,Sensory Functions and Pain,감각 기능 및 통증,11,45,b211,,,,,Not Started,,,,,High,
body_functions,Body Functions,b2,Sensory Functions and Pain,감각 기능 및 통증,12,45,b212,,,,,Not Started,,,,,High,
body_functions,Body Functions,b2,Sensory Functions and Pain,감각 기능 및 통증,13,45,b213,,,,,Not Started,,,,,High,
body_functions,Body Functions,b2,Sensory Functions and Pain,감각 기능 및 통증,14,45,b214,,,,,Not Started,,,,,High,
body_functions,Body Functions,b2,Sensory Functions and Pain,감각 기능 및 통증,15,45,b215,,,,,Not Started,,,,,High,
body_functions,Body Functions,b2,Sensory Functions and Pain,감각 기능 및 통증,16,45,b216,,,,,Not Started,,,,,High,
body_functions,Body Functions,b2,Sensory Functions and Pain,감각 기능 및 통증,17,45,b217,,,,,Not Started,,,,,High,
body_functions,Body Functions,b2,Sensory Functions and Pain,감각 기능 및 통증,18,45,b218,,,,,Not Started,,,,,High,
body_functions,Body Functions,b2,Sensory Functions and Pain,감각 기능 및 통증,19,45,b219,,,,,Not Started,,,,,High,
body_functions,Body Functions,b2,Sensory Functions and Pain,감각 기능 및 통증,20,45,b220,,,,,Not Started,,,,,High,
body_functions,Body Functions,b2,Sensory Functions and Pain,감각 기능 및 통증,21,45,b221,,,,,Not Started,,,,,High,
body_functions,Body Functions,b2,Sensory Functions and Pain,감각 기능 및 통증,22,45,b222,,,,,Not Started,,,,,High,
body_functions,Body Functions,b2,Sensory Functions and Pain,감각 기능 및 통증,23,45,b223,,,,,Not Started,,,,,High,
body_functions,Body Functions,b2,Sensory Functions and Pain,감각 기능 및 통증,24,45,b224,,,,,Not Started,,,,,High,
body_functions,Body Functions,b2,Sensory Functions and Pain,감각 기능 및 통증,25,45,b225,,,,,Not Started,,,,,High,
body_functions,Body Functions,b2,Sensory Functions and Pain,감각 기능 및 통증,26,45,b226,,,,,Not Started,,,,,High,
body_functions,Body Functions,b2,Sensory Functions and Pain,감각 기능 및 통증,27,45,b227,,,,,Not Started,,,,,High,
body_functions,Body Functions,b2,Sensory Functions and Pain,감각 기능 및 통증,28,45,b228,,,,,Not Started,,,,,High,
body_functions,Body Functions,b2,Sensory Functions and Pain,감각 기능 및 통증,29,45,b229,,,,,Not Started,,,,,High,
body_functions,Body Functions,b2,Sensory Functions and Pain,감각 기능 및 통증,30,45,b230,,,,,Not Started,,,,,High,
body_functions,Body Functions,b2,Sensory Functions and Pain,감각 기능 및 통증,31,45,b231,,,,,Not Started,,,,,High,
body_functions,Body Functions,b2,Sensory Functions and Pain,감각 기능 및 통증,32,45,b232,,,,,Not Started,,,,,High,
body_functions,Body Functions,b2,Sensory Functions and Pain,감각 기능 및 통증,33,45,b233,,,,,Not Started,,,,,High,
body_functions,Body Functions,b2,Sensory Functions and Pain,감각 기능 및 통증,34,45,b234,,,,,Not Started,,,,,High,
body_functions,Body Functions,b2,Sensory Functions and Pain,감각 기능 및 통증,35,45,b235,,,,,Not Started,,,,,High,
body_functions,Body Functions,b2,Sensory Functions and Pain,감각 기능 및 통증,36,45,b236,,,,,Not Started,,,,,High,
body_functions,Body Functions,b2,Sensory Functions and Pain,감각 기능 및 통증,37,45,b237,,,,,Not Started,,,,,High,
body_functions,Body Functions,b2,Sensory Functions and Pain,감각 기능 및 통증,38,45,b238,,,,,Not Started,,,,,High,
body_functions,Body Functions,b2,Sensory Functions and Pain,감각 기능 및 통증,39,45,b239,,,,,Not Started,,,,,High,
body_functions,Body Functions,b2,Sensory Functions and Pain,감각 기능 및 통증,40,45,b240,,,,,Not Started,,,,,High,
body_functions,Body Functions,b2,Sensory Functions and Pain,감각 기능 및 통증,41,45,b241,,,,,Not Started,,,,,High,
body_functions,Body Functions,b2,Sensory Functions and Pain,감각 기능 및 통증,42,45,b242,,,,,Not Started,,,,,High,
body_functions,Body Functions,b2,Sensory Functions and Pain,감각 기능 및 통증,43,45,b243,,,,,Not Started,,,,,High,
body_functions,Body Functions,b2,Sensory Functions and Pain,감각 기능 및 통증,44,45,b244,,,,,Not Started,,,,,High,
body_functions,Body Functions,b2,Sensory Functions and Pain,감각 기능 및 통증,45,45,b245,,,,,Not Started,,,,,High,
body_functions,Body Functions,b3,Voice and Speech Functions,음성 및 말 기능,1,35,b301,,,,,Not Started,,,,,High,
body_functions,Body Functions,b3,Voice and Speech Functions,음성 및 말 기능,2,35,b302,,,,,Not Started,,,,,High,
body_functions,Body Functions,b3,Voice and Speech Functions,음성 및 말 기능,3,35,b303,,,,,Not Started,,,,,High,
body_functions,Body Functions,b3,Voice and Speech Functions,음성 및 말 기능,4,35,b304,,,,,Not Started,,,,,High,
body_functions,Body Functions,b3,Voice and Speech Functions,음성 및 말 기능,5,35,b305,,,,,Not Started,,,,,High,
body_functions,Body Functions,b3,Voice and Speech Functions,음성 및 말 기능,6,35,b306,,,,,Not Started,,,,,High,
body_functions,Body Functions,b3,Voice and Speech Functions,음성 및 말 기능,7,35,b307,,,,,Not Started,,,,,High,
body_functions,Body Functions,b3,Voice and Speech Functions,음성 및 말 기능,8,35,b308,,,,,Not Started,,,,,High,
body_functions,Body Functions,b3,Voice and Speech Functions,음성 및 말 기능,9,35,b309,,,,,Not Started,,,,,High,
body_functions,Body Functions,b3,Voice and Speech Functions,음성 및 말 기능,10,35,b310,,,,,Not Started,,,,,High,
body_functions,Body Functions,b3,Voice and Speech Functions,음성 및 말 기능,11,35,b311,,,,,Not Started,,,,,High,
body_functions,Body Functions,b3,Voice and Speech Functions,음성 및 말 기능,12,35,b312,,,,,Not Started,,,,,High,
body_functions,Body Functions,b3,Voice and Speech Functions,음성 및 말 기능,13,35,b313,,,,,Not Started,,,,,High,
body_functions,Body Functions,b3,Voice and Speech Functions,음성 및 말 기능,14,35,b314,,,,,Not Started,,,,,High,
body_functions,Body Functions,b3,Voice and Speech Functions,음성 및 말 기능,15,35,b315,,,,,Not Started,,,,,High,
body_functions,Body Functions,b3,Voice and Speech Functions,음성 및 말 기능,16,35,b316,,,,,Not Started,,,,,High,
body_functions,Body Functions,b3,Voice and Speech Functions,음성 및 말 기능,17,35,b317,,,,,Not Started,,,,,High,
body_functions,Body Functions,b3,Voice and Speech Functions,음성 및 말 기능,18,35,b318,,,,,Not Started,,,,,High,
body_functions,Body Functions,b3,Voice and Speech Functions,음성 및 말 기능,19,35,b319,,,,,Not Started,,,,,High,
body_functions,Body Functions,b3,Voice and Speech Functions,음성 및 말 기능,20,35,b320,,,,,Not Started,,,,,High,
body_functions,Body Functions,b3,Voice and Speech Functions,음성 및 말 기능,21,35,b321,,,,,Not Started,,,,,High,
body_functions,Body Functions,b3,Voice and Speech Functions,음성 및 말 기능,22,35,b322,,,,,Not Started,,,,,High,
body_functions,Body Functions,b3,Voice and Speech Functions,음성 및 말 기능,23,35,b323,,,,,Not Started,,,,,High,
body_functions,Body Functions,b3,Voice and Speech Functions,음성 및 말 기능,24,35,b324,,,,,Not Started,,,,,High,
body_functions,Body Functions,b3,Voice and Speech Functions,음성 및 말 기능,25,35,b325,,,,,Not Started,,,,,High,
body_functions,Body Functions,b3,Voice and Speech Functions,음성 및 말 기능,26,35,b326,,,,,Not Started,,,,,High,
body_functions,Body Functions,b3,Voice and Speech Functions,음성 및 말 기능,27,35,b327,,,,,Not Started,,,,,High,
body_functions,Body Functions,b3,Voice and Speech Functions,음성 및 말 기능,28,35,b328,,,,,Not Started,,,,,High,
body_functions,Body Functions,b3,Voice and Speech Functions,음성 및 말 기능,29,35,b329,,,,,Not Started,,,,,High,
body_functions,Body Functions,b3,Voice and Speech Functions,음성 및 말 기능,30,35,b330,,,,,Not Started,,,,,High,
body_functions,Body Functions,b3,Voice and Speech Functions,음성 및 말 기능,31,35,b331,,,,,Not Started,,,,,High,
body_functions,Body Functions,b3,Voice and Speech Functions,음성 및 말 기능,32,35,b332,,,,,Not Started,,,,,High,
body_functions,Body Functions,b3,Voice and Speech Functions,음성 및 말 기능,33,35,b333,,,,,Not Started,,,,,High,
body_functions,Body Functions,b3,Voice and Speech Functions,음성 및 말 기능,34,35,b334,,,,,Not Started,,,,,High,
body_functions,Body Functions,b3,Voice and Speech Functions,음성 및 말 기능,35,35,b335,,,,,Not Started,,,,,High,
body_functions,Body Functions,b4,"Cardiovascular, Haematological, Immunological and Respiratory Systems","심혈관, 혈액, 면역 및 호흡계 기능",1,55,b401,,,,,Not Started,,,,,High,
body_functions,Body Functions,b4,"Cardiovascular, Haematological, Immunological and Respiratory Systems","심혈관, 혈액, 면역 및 호흡계 기능",2,55,b402,,,,,Not Started,,,,,High,
body_functions,Body Functions,b4,"Cardiovascular, Haematological, Immunological and Respiratory Systems","심혈관, 혈액, 면역 및 호흡계 기능",3,55,b403,,,,,Not Started,,,,,High,
body_functions,Body Functions,b4,"Cardiovascular, Haematological, Immunological and Respiratory Systems","심혈관, 혈액, 면역 및 호흡계 기능",4,55,b404,,,,,Not Started,,,,,High,
body_functions,Body Functions,b4,"Cardiovascular, Haematological, Immunological and Respiratory Systems","심혈관, 혈액, 면역 및 호흡계 기능",5,55,b405,,,,,Not Started,,,,,High,
body_functions,Body Functions,b4,"Cardiovascular, Haematological, Immunological and Respiratory Systems","심혈관, 혈액, 면역 및 호흡계 기능",6,55,b406,,,,,Not Started,,,,,High,
body_functions,Body Functions,b4,"Cardiovascular, Haematological, Immunological and Respiratory Systems","심혈관, 혈액, 면역 및 호흡계 기능",7,55,b407,,,,,Not Started,,,,,High,
body_functions,Body Functions,b4,"Cardiovascular, Haematological, Immunological and Respiratory Systems","심혈관, 혈액, 면역 및 호흡계 기능",8,55,b408,,,,,Not Started,,,,,High,
body_functions,Body Functions,b4,"Cardiovascular, Haematological, Immunological and Respiratory Systems","심혈관, 혈액, 면역 및 호흡계 기능",9,55,b409,,,,,Not Started,,,,,High,
body_functions,Body Functions,b4,"Cardiovascular, Haematological, Immunological and Respiratory Systems","심혈관, 혈액, 면역 및 호흡계 기능",10,55,b410,,,,,Not Started,,,,,High,
body_functions,Body Functions,b4,"Cardiovascular, Haematological, Immunological and Respiratory Systems","심혈관, 혈액, 면역 및 호흡계 기능",11,55,b411,,,,,Not Started,,,,,High,
body_functions,Body Functions,b4,"Cardiovascular, Haematological, Immunological and Respiratory Systems","심혈관, 혈액, 면역 및 호흡계 기능",12,55,b412,,,,,Not Started,,,,,High,
body_functions,Body Functions,b4,"Cardiovascular, Haematological, Immunological and Respiratory Systems","심혈관, 혈액, 면역 및 호흡계 기능",13,55,b413,,,,,Not Started,,,,,High,
body_functions,Body Functions,b4,"Cardiovascular, Haematological, Immunological and Respiratory Systems","심혈관, 혈액, 면역 및 호흡계 기능",14,55,b414,,,,,Not Started,,,,,High,
body_functions,Body Functions,b4,"Cardiovascular, Haematological, Immunological and Respiratory Systems","심혈관, 혈액, 면역 및 호흡계 기능",15,55,b415,,,,,Not Started,,,,,High,
body_functions,Body Functions,b4,"Cardiovascular, Haematological, Immunological and Respiratory Systems","심혈관, 혈액, 면역 및 호흡계 기능",16,55,b416,,,,,Not Started,,,,,High,
body_functions,Body Functions,b4,"Cardiovascular, Haematological, Immunological and Respiratory Systems","심혈관, 혈액, 면역 및 호흡계 기능",17,55,b417,,,,,Not Started,,,,,High,
body_functions,Body Functions,b4,"Cardiovascular, Haematological, Immunological and Respiratory Systems","심혈관, 혈액, 면역 및 호흡계 기능",18,55,b418,,,,,Not Started,,,,,High,
body_functions,Body Functions,b4,"Cardiovascular, Haematological, Immunological and Respiratory Systems","심혈관, 혈액, 면역 및 호흡계 기능",19,55,b419,,,,,Not Started,,,,,High,
body_functions,Body Functions,b4,"Cardiovascular, Haematological, Immunological and Respiratory Systems","심혈관, 혈액, 면역 및 호흡계 기능",20,55,b420,,,,,Not Started,,,,,High,
body_functions,Body Functions,b4,"Cardiovascular, Haematological, Immunological and Respiratory Systems","심혈관, 혈액, 면역 및 호흡계 기능",21,55,b421,,,,,Not Started,,,,,High,
body_functions,Body Functions,b4,"Cardiovascular, Haematological, Immunological and Respiratory Systems","심혈관, 혈액, 면역 및 호흡계 기능",22,55,b422,,,,,Not Started,,,,,High,
body_functions,Body Functions,b4,"Cardiovascular, Haematological, Immunological and Respiratory Systems","심혈관, 혈액, 면역 및 호흡계 기능",23,55,b423,,,,,Not Started,,,,,High,
body_functions,Body Functions,b4,"Cardiovascular, Haematological, Immunological and Respiratory Systems","심혈관, 혈액, 면역 및 호흡계 기능",24,55,b424,,,,,Not Started,,,,,High,
body_functions,Body Functions,b4,"Cardiovascular, Haematological, Immunological and Respiratory Systems","심혈관, 혈액, 면역 및 호흡계 기능",25,55,b425,,,,,Not Started,,,,,High,
body_functions,Body Functions,b4,"Cardiovascular, Haematological, Immunological and Respiratory Systems","심혈관, 혈액, 면역 및 호흡계 기능",26,55,b426,,,,,Not Started,,,,,High,
body_functions,Body Functions,b4,"Cardiovascular, Haematological, Immunological and Respiratory Systems","심혈관, 혈액, 면역 및 호흡계 기능",27,55,b427,,,,,Not Started,,,,,High,
body_functions,Body Functions,b4,"Cardiovascular, Haematological, Immunological and Respiratory Systems","심혈관, 혈액, 면역 및 호흡계 기능",28,55,b428,,,,,Not Started,,,,,High,
body_functions,Body Functions,b4,"Cardiovascular, Haematological, Immunological and Respiratory Systems","심혈관, 혈액, 면역 및 호흡계 기능",29,55,b429,,,,,Not Started,,,,,High,
body_functions,Body Functions,b4,"Cardiovascular, Haematological, Immunological and Respiratory Systems","심혈관, 혈액, 면역 및 호흡계 기능",30,55,b430,,,,,Not Started,,,,,High,
body_functions,Body Functions,b4,"Cardiovascular, Haematological, Immunological and Respiratory Systems","심혈관, 혈액, 면역 및 호흡계 기능",31,55,b431,,,,,Not Started,,,,,High,
body_functions,Body Functions,b4,"Cardiovascular, Haematological, Immunological and Respiratory Systems","심혈관, 혈액, 면역 및 호흡계 기능",32,55,b432,,,,,Not Started,,,,,High,
body_functions,Body Functions,b4,"Cardiovascular, Haematological, Immunological and Respiratory Systems","심혈관, 혈액, 면역 및 호흡계 기능",33,55,b433,,,,,Not Started,,,,,High,
body_functions,Body Functions,b4,"Cardiovascular, Haematological, Immunological and Respiratory Systems","심혈관, 혈액, 면역 및 호흡계 기능",34,55,b434,,,,,Not Started,,,,,High,
body_functions,Body Functions,b4,"Cardiovascular, Haematological, Immunological and Respiratory Systems","심혈관, 혈액, 면역 및 호흡계 기능",35,55,b435,,,,,Not Started,,,,,High,
body_functions,Body Functions,b4,"Cardiovascular, Haematological, Immunological and Respiratory Systems","심혈관, 혈액, 면역 및 호흡계 기능",36,55,b436,,,,,Not Started,,,,,High,
body_functions,Body Functions,b4,"Cardiovascular, Haematological, Immunological and Respiratory Systems","심혈관, 혈액, 면역 및 호흡계 기능",37,55,b437,,,,,Not Started,,,,,High,
body_functions,Body Functions,b4,"Cardiovascular, Haematological, Immunological and Respiratory Systems","심혈관, 혈액, 면역 및 호흡계 기능",38,55,b438,,,,,Not Started,,,,,High,
body_functions,Body Functions,b4,"Cardiovascular, Haematological, Immunological and Respiratory Systems","심혈관, 혈액, 면역 및 호흡계 기능",39,55,b439,,,,,Not Started,,,,,High,
body_functions,Body Functions,b4,"Cardiovascular, Haematological, Immunological and Respiratory Systems","심혈관, 혈액, 면역 및 호흡계 기능",40,55,b440,,,,,Not Started,,,,,High,
body_functions,Body Functions,b4,"Cardiovascular, Haematological, Immunological and Respiratory Systems","심혈관, 혈액, 면역 및 호흡계 기능",41,55,b441,,,,,Not Started,,,,,High,
body_functions,Body Functions,b4,"Cardiovascular, Haematological, Immunological and Respiratory Systems","심혈관, 혈액, 면역 및 호흡계 기능",42,55,b442,,,,,Not Started,,,,,High,
body_functions,Body Functions,b4,"Cardiovascular, Haematological, Immunological and Respiratory Systems","심혈관, 혈액, 면역 및 호흡계 기능",43,55,b443,,,,,Not Started,,,,,High,
body_functions,Body Functions,b4,"Cardiovascular, Haematological, Immunological and Respiratory Systems","심혈관, 혈액, 면역 및 호흡계 기능",44,55,b444,,,,,Not Started,,,,,High,
body_functions,Body Functions,b4,"Cardiovascular, Haematological, Immunological and Respiratory Systems","심혈관, 혈액, 면역 및 호흡계 기능",45,55,b445,,,,,Not Started,,,,,High,
body_functions,Body Functions,b4,"Cardiovascular, Haematological, Immunological and Respiratory Systems","심혈관, 혈액, 면역 및 호흡계 기능",46,55,b446,,,,,Not Started,,,,,High,
body_functions,Body Functions,b4,"Cardiovascular, Haematological, Immunological and Respiratory Systems","심혈관, 혈액, 면역 및 호흡계 기능",47,55,b447,,,,,Not Started,,,,,High,
body_functions,Body Functions,b4,"Cardiovascular, Haematological, Immunological and Respiratory Systems","심혈관, 혈액, 면역 및 호흡계 기능",48,55,b448,,,,,Not Started,,,,,High,
body_functions,Body Functions,b4,"Cardiovascular, Haematological, Immunological and Respiratory Systems","심혈관, 혈액, 면역 및 호흡계 기능",49,55,b449,,,,,Not Started,,,,,High,
body_functions,Body Functions,b4,"Cardiovascular, Haematological, Immunological and Respiratory Systems","심혈관, 혈액, 면역 및 호흡계 기능",50,55,b450,,,,,Not Started,,,,,High,
body_functions,Body Functions,b4,"Cardiovascular, Haematological, Immunological and Respiratory Systems","심혈관, 혈액, 면역 및 호흡계 기능",51,55,b451,,,,,Not Started,,,,,High,
body_functions,Body Functions,b4,"Cardiovascular, Haematological, Immunological and Respiratory Systems","심혈관, 혈액, 면역 및 호흡계 기능",52,55,b452,,,,,Not Started,,,,,High,
body_functions,Body Functions,b4,"Cardiovascular, Haematological, Immunological and Respiratory Systems","심혈관, 혈액, 면역 및 호흡계 기능",53,55,b453,,,,,Not Started,,,,,High,
body_functions,Body Functions,b4,"Cardiovascular, Haematological, Immunological and Respiratory Systems","심혈관, 혈액, 면역 및 호흡계 기능",54,55,b454,,,,,Not Started,,,,,High,
body_functions,Body Functions,b4,"Cardiovascular, Haematological, Immunological and Respiratory Systems","심혈관, 혈액, 면역 및 호흡계 기능",55,55,b455,,,,,Not Started,,,,,High,
body_functions,Body Functions,b5,"Digestive, Metabolic, Endocrine Systems","소화, 대사 및 내분비계 기능",1,65,b501,,,,,Not Started,,,,,High,
body_functions,Body Functions,b5,"Digestive, Metabolic, Endocrine Systems","소화, 대사 및 내분비계 기능",2,65,b502,,,,,Not Started,,,,,High,
body_functions,Body Functions,b5,"Digestive, Metabolic, Endocrine Systems","소화, 대사 및 내분비계 기능",3,65,b503,,,,,Not Started,,,,,High,
body_functions,Body Functions,b5,"Digestive, Metabolic, Endocrine Systems","소화, 대사 및 내분비계 기능",4,65,b504,,,,,Not Started,,,,,High,
body_functions,Body Functions,b5,"Digestive, Metabolic, Endocrine Systems","소화, 대사 및 내분비계 기능",5,65,b505,,,,,Not Started,,,,,High,
body_functions,Body Functions,b5,"Digestive, Metabolic, Endocrine Systems","소화, 대사 및 내분비계 기능",6,65,b506,,,,,Not Started,,,,,High,
body_functions,Body Functions,b5,"Digestive, Metabolic, Endocrine Systems","소화, 대사 및 내분비계 기능",7,65,b507,,,,,Not Started,,,,,High,
body_functions,Body Functions,b5,"Digestive, Metabolic, Endocrine Systems","소화, 대사 및 내분비계 기능",8,65,b508,,,,,Not Started,,,,,High,
body_functions,Body Functions,b5,"Digestive, Metabolic, Endocrine Systems","소화, 대사 및 내분비계 기능",9,65,b509,,,,,Not Started,,,,,High,
body_functions,Body Functions,b5,"Digestive, Metabolic, Endocrine Systems","소화, 대사 및 내분비계 기능",10,65,b510,,,,,Not Started,,,,,High,
body_functions,Body Functions,b5,"Digestive, Metabolic, Endocrine Systems","소화, 대사 및 내분비계 기능",11,65,b511,,,,,Not Started,,,,,High,
body_functions,Body Functions,b5,"Digestive, Metabolic, Endocrine Systems","소화, 대사 및 내분비계 기능",12,65,b512,,,,,Not Started,,,,,High,
body_functions,Body Functions,b5,"Digestive, Metabolic, Endocrine Systems","소화, 대사 및 내분비계 기능",13,65,b513,,,,,Not Started,,,,,High,
body_functions,Body Functions,b5,"Digestive, Metabolic, Endocrine Systems","소화, 대사 및 내분비계 기능",14,65,b514,,,,,Not Started,,,,,High,
body_functions,Body Functions,b5,"Digestive, Metabolic, Endocrine Systems","소화, 대사 및 내분비계 기능",15,65,b515,,,,,Not Started,,,,,High,
body_functions,Body Functions,b5,"Digestive, Metabolic, Endocrine Systems","소화, 대사 및 내분비계 기능",16,65,b516,,,,,Not Started,,,,,High,
body_functions,Body Functions,b5,"Digestive, Metabolic, Endocrine Systems","소화, 대사 및 내분비계 기능",17,65,b517,,,,,Not Started,,,,,High,
body_functions,Body Functions,b5,"Digestive, Metabolic, Endocrine Systems","소화, 대사 및 내분비계 기능",18,65,b518,,,,,Not Started,,,,,High,
body_functions,Body Functions,b5,"Digestive, Metabolic, Endocrine Systems","소화, 대사 및 내분비계 기능",19,65,b519,,,,,Not Started,,,,,High,
body_functions,Body Functions,b5,"Digestive, Metabolic, Endocrine Systems","소화, 대사 및 내분비계 기능",20,65,b520,,,,,Not Started,,,,,High,
body_functions,Body Functions,b5,"Digestive, Metabolic, Endocrine Systems","소화, 대사 및 내분비계 기능",21,65,b521,,,,,Not Started,,,,,High,
body_functions,Body Functions,b5,"Digestive, Metabolic, Endocrine Systems","소화, 대사 및 내분비계 기능",22,65,b522,,,,,Not Started,,,,,High,
body_functions,Body Functions,b5,"Digestive, Metabolic, Endocrine Systems","소화, 대사 및 내분비계 기능",23,65,b523,,,,,Not Started,,,,,High,
body_functions,Body Functions,b5,"Digestive, Metabolic, Endocrine Systems","소화, 대사 및 내분비계 기능",24,65,b524,,,,,Not Started,,,,,High,
body_functions,Body Functions,b5,"Digestive, Metabolic, Endocrine Systems","소화, 대사 및 내분비계 기능",25,65,b525,,,,,Not Started,,,,,High,
body_functions,Body Functions,b5,"Digestive, Metabolic, Endocrine Systems","소화, 대사 및 내분비계 기능",26,65,b526,,,,,Not Started,,,,,High,
body_functions,Body Functions,b5,"Digestive, Metabolic, Endocrine Systems","소화, 대사 및 내분비계 기능",27,65,b527,,,,,Not Started,,,,,High,
body_functions,Body Functions,b5,"Digestive, Metabolic, Endocrine Systems","소화, 대사 및 내분비계 기능",28,65,b528,,,,,Not Started,,,,,High,
body_functions,Body Functions,b5,"Digestive, Metabolic, Endocrine Systems","소화, 대사 및 내분비계 기능",29,65,b529,,,,,Not Started,,,,,High,
body_functions,Body Functions,b5,"Digestive, Metabolic, Endocrine Systems","소화, 대사 및 내분비계 기능",30,65,b530,,,,,Not Started,,,,,High,
body_functions,Body Functions,b5,"Digestive, Metabolic, Endocrine Systems","소화, 대사 및 내분비계 기능",31,65,b531,,,,,Not Started,,,,,High,
body_functions,Body Functions,b5,"Digestive, Metabolic, Endocrine Systems","소화, 대사 및 내분비계 기능",32,65,b532,,,,,Not Started,,,,,High,
body_functions,Body Functions,b5,"Digestive, Metabolic, Endocrine Systems","소화, 대사 및 내분비계 기능",33,65,b533,,,,,Not Started,,,,,High,
body_functions,Body Functions,b5,"Digestive, Metabolic, Endocrine Systems","소화, 대사 및 내분비계 기능",34,65,b534,,,,,Not Started,,,,,High,
body_functions,Body Functions,b5,"Digestive, Metabolic, Endocrine Systems","소화, 대사 및 내분비계 기능",35,65,b535,,,,,Not Started,,,,,High,
body_functions,Body Functions,b5,"Digestive, Metabolic, Endocrine Systems","소화, 대사 및 내분비계 기능",36,65,b536,,,,,Not Started,,,,,High,
body_functions,Body Functions,b5,"Digestive, Metabolic, Endocrine Systems","소화, 대사 및 내분비계 기능",37,65,b537,,,,,Not Started,,,,,High,
body_functions,Body Functions,b5,"Digestive, Metabolic, Endocrine Systems","소화, 대사 및 내분비계 기능",38,65,b538,,,,,Not Started,,,,,High,
body_functions,Body Functions,b5,"Digestive, Metabolic, Endocrine Systems","소화, 대사 및 내분비계 기능",39,65,b539,,,,,Not Started,,,,,High,
body_functions,Body Functions,b5,"Digestive, Metabolic, Endocrine Systems","소화, 대사 및 내분비계 기능",40,65,b540,,,,,Not Started,,,,,High,
body_functions,Body Functions,b5,"Digestive, Metabolic, Endocrine Systems","소화, 대사 및 내분비계 기능",41,65,b541,,,,,Not Started,,,,,High,
body_functions,Body Functions,b5,"Digestive, Metabolic, Endocrine Systems","소화, 대사 및 내분비계 기능",42,65,b542,,,,,Not Started,,,,,High,
body_functions,Body Functions,b5,"Digestive, Metabolic, Endocrine Systems","소화, 대사 및 내분비계 기능",43,65,b543,,,,,Not Started,,,,,High,
body_functions,Body Functions,b5,"Digestive, Metabolic, Endocrine Systems","소화, 대사 및 내분비계 기능",44,65,b544,,,,,Not Started,,,,,High,
body_functions,Body Functions,b5,"Digestive, Metabolic, Endocrine Systems","소화, 대사 및 내분비계 기능",45,65,b545,,,,,Not Started,,,,,High,
body_functions,Body Functions,b5,"Digestive, Metabolic, Endocrine Systems","소화, 대사 및 내분비계 기능",46,65,b546,,,,,Not Started,,,,,High,
body_functions,Body Functions,b5,"Digestive, Metabolic, Endocrine Systems","소화, 대사 및 내분비계 기능",47,65,b547,,,,,Not Started,,,,,High,
body_functions,Body Functions,b5,"Digestive, Metabolic, Endocrine Systems","소화, 대사 및 내분비계 기능",48,65,b548,,,,,Not Started,,,,,High,
body_functions,Body Functions,b5,"Digestive, Metabolic, Endocrine Systems","소화, 대사 및 내분비계 기능",49,65,b549,,,,,Not Started,,,,,High,
body_functions,Body Functions,b5,"Digestive, Metabolic, Endocrine Systems","소화, 대사 및 내분비계 기능",50,65,b550,,,,,Not Started,,,,,High,
body_functions,Body Functions,b5,"Digestive, Metabolic, Endocrine Systems","소화, 대사 및 내분비계 기능",51,65,b551,,,,,Not Started,,,,,High,
body_functions,Body Functions,b5,"Digestive, Metabolic, Endocrine Systems","소화, 대사 및 내분비계 기능",52,65,b552,,,,,Not Started,,,,,High,
body_functions,Body Functions,b5,"Digestive, Metabolic, Endocrine Systems","소화, 대사 및 내분비계 기능",53,65,b553,,,,,Not Started,,,,,High,
body_functions,Body Functions,b5,"Digestive, Metabolic, Endocrine Systems","소화, 대사 및 내분비계 기능",54,65,b554,,,,,Not Started,,,,,High,
body_functions,Body Functions,b5,"Digestive, Metabolic, Endocrine Systems","소화, 대사 및 내분비계 기능",55,65,b555,,,,,Not Started,,,,,High,
body_functions,Body Functions,b5,"Digestive, Metabolic, Endocrine Systems","소화, 대사 및 내분비계 기능",56,65,b556,,,,,Not Started,,,,,High,
body_functions,Body Functions,b5,"Digestive, Metabolic, Endocrine Systems","소화, 대사 및 내분비계 기능",57,65,b557,,,,,Not Started,,,,,High,
body_functions,Body Functions,b5,"Digestive, Metabolic, Endocrine Systems","소화, 대사 및 내분비계 기능",58,65,b558,,,,,Not Started,,,,,High,
body_functions,Body Functions,b5,"Digestive, Metabolic, Endocrine Systems","소화, 대사 및 내분비계 기능",59,65,b559,,,,,Not Started,,,,,High,
body_functions,Body Functions,b5,"Digestive, Metabolic, Endocrine Systems","소화, 대사 및 내분비계 기능",60,65,b560,,,,,Not Started,,,,,High,
body_functions,Body Functions,b5,"Digestive, Metabolic, Endocrine Systems","소화, 대사 및 내분비계 기능",61,65,b561,,,,,Not Started,,,,,High,
body_functions,Body Functions,b5,"Digestive, Metabolic, Endocrine Systems","소화, 대사 및 내분비계 기능",62,65,b562,,,,,Not Started,,,,,High,
body_functions,Body Functions,b5,"Digestive, Metabolic, Endocrine Systems","소화, 대사 및 내분비계 기능",63,65,b563,,,,,Not Started,,,,,High,
body_functions,Body Functions,b5,"Digestive, Metabolic, Endocrine Systems","소화, 대사 및 내분비계 기능",64,65,b564,,,,,Not Started,,,,,High,
body_functions,Body Functions,b5,"Digestive, Metabolic, Endocrine Systems","소화, 대사 및 내분비계 기능",65,65,b565,,,,,Not Started,,,,,High,
body_functions,Body Functions,b6,Genitourinary and Reproductive Functions,비뇨생식계 기능,1,50,b601,,,,,Not Started,,,,,High,
body_functions,Body Functions,b6,Genitourinary and Reproductive Functions,비뇨생식계 기능,2,50,b602,,,,,Not Started,,,,,High,
body_functions,Body Functions,b6,Genitourinary and Reproductive Functions,비뇨생식계 기능,3,50,b603,,,,,Not Started,,,,,High,
body_functions,Body Functions,b6,Genitourinary and Reproductive Functions,비뇨생식계 기능,4,50,b604,,,,,Not Started,,,,,High,
body_functions,Body Functions,b6,Genitourinary and Reproductive Functions,비뇨생식계 기능,5,50,b605,,,,,Not Started,,,,,High,
body_functions,Body Functions,b6,Genitourinary and Reproductive Functions,비뇨생식계 기능,6,50,b606,,,,,Not Started,,,,,High,
body_functions,Body Functions,b6,Genitourinary and Reproductive Functions,비뇨생식계 기능,7,50,b607,,,,,Not Started,,,,,High,
body_functions,Body Functions,b6,Genitourinary and Reproductive Functions,비뇨생식계 기능,8,50,b608,,,,,Not Started,,,,,High,
body_functions,Body Functions,b6,Genitourinary and Reproductive Functions,비뇨생식계 기능,9,50,b609,,,,,Not Started,,,,,High,
body_functions,Body Functions,b6,Genitourinary and Reproductive Functions,비뇨생식계 기능,10,50,b610,,,,,Not Started,,,,,High,
body_functions,Body Functions,b6,Genitourinary and Reproductive Functions,비뇨생식계 기능,11,50,b611,,,,,Not Started,,,,,High,
body_functions,Body Functions,b6,Genitourinary and Reproductive Functions,비뇨생식계 기능,12,50,b612,,,,,Not Started,,,,,High,
body_functions,Body Functions,b6,Genitourinary and Reproductive Functions,비뇨생식계 기능,13,50,b613,,,,,Not Started,,,,,High,
body_functions,Body Functions,b6,Genitourinary and Reproductive Functions,비뇨생식계 기능,14,50,b614,,,,,Not Started,,,,,High,
body_functions,Body Functions,b6,Genitourinary and Reproductive Functions,비뇨생식계 기능,15,50,b615,,,,,Not Started,,,,,High,
body_functions,Body Functions,b6,Genitourinary and Reproductive Functions,비뇨생식계 기능,16,50,b616,,,,,Not Started,,,,,High,
body_functions,Body Functions,b6,Genitourinary and Reproductive Functions,비뇨생식계 기능,17,50,b617,,,,,Not Started,,,,,High,
body_functions,Body Functions,b6,Genitourinary and Reproductive Functions,비뇨생식계 기능,18,50,b618,,,,,Not Started,,,,,High,
body_functions,Body Functions,b6,Genitourinary and Reproductive Functions,비뇨생식계 기능,19,50,b619,,,,,Not Started,,,,,High,
body_functions,Body Functions,b6,Genitourinary and Reproductive Functions,비뇨생식계 기능,20,50,b620,,,,,Not Started,,,,,High,
body_functions,Body Functions,b6,Genitourinary and Reproductive Functions,비뇨생식계 기능,21,50,b621,,,,,Not Started,,,,,High,
body_functions,Body Functions,b6,Genitourinary and Reproductive Functions,비뇨생식계 기능,22,50,b622,,,,,Not Started,,,,,High,
body_functions,Body Functions,b6,Genitourinary and Reproductive Functions,비뇨생식계 기능,23,50,b623,,,,,Not Started,,,,,High,
body_functions,Body Functions,b6,Genitourinary and Reproductive Functions,비뇨생식계 기능,24,50,b624,,,,,Not Started,,,,,High,
body_functions,Body Functions,b6,Genitourinary and Reproductive Functions,비뇨생식계 기능,25,50,b625,,,,,Not Started,,,,,High,
body_functions,Body Functions,b6,Genitourinary and Reproductive Functions,비뇨생식계 기능,26,50,b626,,,,,Not Started,,,,,High,
body_functions,Body Functions,b6,Genitourinary and Reproductive Functions,비뇨생식계 기능,27,50,b627,,,,,Not Started,,,,,High,
body_functions,Body Functions,b6,Genitourinary and Reproductive Functions,비뇨생식계 기능,28,50,b628,,,,,Not Started,,,,,High,
body_functions,Body Functions,b6,Genitourinary and Reproductive Functions,비뇨생식계 기능,29,50,b629,,,,,Not Started,,,,,High,
body_functions,Body Functions,b6,Genitourinary and Reproductive Functions,비뇨생식계 기능,30,50,b630,,,,,Not Started,,,,,High,
body_functions,Body Functions,b6,Genitourinary and Reproductive Functions,비뇨생식계 기능,31,50,b631,,,,,Not Started,,,,,High,
body_functions,Body Functions,b6,Genitourinary and Reproductive Functions,비뇨생식계 기능,32,50,b632,,,,,Not Started,,,,,High,
body_functions,Body Functions,b6,Genitourinary and Reproductive Functions,비뇨생식계 기능,33,50,b633,,,,,Not Started,,,,,High,
body_functions,Body Functions,b6,Genitourinary and Reproductive Functions,비뇨생식계 기능,34,50,b634,,,,,Not Started,,,,,High,
body_functions,Body Functions,b6,Genitourinary and Reproductive Functions,비뇨생식계 기능,35,50,b635,,,,,Not Started,,,,,High,
body_functions,Body Functions,b6,Genitourinary and Reproductive Functions,비뇨생식계 기능,36,50,b636,,,,,Not Started,,,,,High,
body_functions,Body Functions,b6,Genitourinary and Reproductive Functions,비뇨생식계 기능,37,50,b637,,,,,Not Started,,,,,High,
body_functions,Body Functions,b6,Genitourinary and Reproductive Functions,비뇨생식계 기능,38,50,b638,,,,,Not Started,,,,,High,
body_functions,Body Functions,b6,Genitourinary and Reproductive Functions,비뇨생식계 기능,39,50,b639,,,,,Not Started,,,,,High,
body_functions,Body Functions,b6,Genitourinary and Reproductive Functions,비뇨생식계 기능,40,50,b640,,,,,Not Started,,,,,High,
body_functions,Body Functions,b6,Genitourinary and Reproductive Functions,비뇨생식계 기능,41,50,b641,,,,,Not Started,,,,,High,
body_functions,Body Functions,b6,Genitourinary and Reproductive Functions,비뇨생식계 기능,42,50,b642,,,,,Not Started,,,,,High,
body_functions,Body Functions,b6,Genitourinary and Reproductive Functions,비뇨생식계 기능,43,50,b643,,,,,Not Started,,,,,High,
body_functions,Body Functions,b6,Genitourinary and Reproductive Functions,비뇨생식계 기능,44,50,b644,,,,,Not Started,,,,,High,
body_functions,Body Functions,b6,Genitourinary and Reproductive Functions,비뇨생식계 기능,45,50,b645,,,,,Not Started,,,,,High,
body_functions,Body Functions,b6,Genitourinary and Reproductive Functions,비뇨생식계 기능,46,50,b646,,,,,Not Started,,,,,High,
body_functions,Body Functions,b6,Genitourinary and Reproductive Functions,비뇨생식계 기능,47,50,b647,,,,,Not Started,,,,,High,
body_functions,Body Functions,b6,Genitourinary and Reproductive Functions,비뇨생식계 기능,48,50,b648,,,,,Not Started,,,,,High,
body_functions,Body Functions,b6,Genitourinary and Reproductive Functions,비뇨생식계 기능,49,50,b649,,,,,Not Started,,,,,High,
body_functions,Body Functions,b6,Genitourinary and Reproductive Functions,비뇨생식계 기능,50,50,b650,,,,,Not Started,,,,,High,
body_functions,Body Functions,b7,Neuromusculoskeletal and Movement-Related Functions,신경근골격 및 운동관련 기능,1,90,b701,,,,,Not Started,,,,,High,
body_functions,Body Functions,b7,Neuromusculoskeletal and Movement-Related Functions,신경근골격 및 운동관련 기능,2,90,b702,,,,,Not Started,,,,,High,
body_functions,Body Functions,b7,Neuromusculoskeletal and Movement-Related Functions,신경근골격 및 운동관련 기능,3,90,b703,,,,,Not Started,,,,,High,
body_functions,Body Functions,b7,Neuromusculoskeletal and Movement-Related Functions,신경근골격 및 운동관련 기능,4,90,b704,,,,,Not Started,,,,,High,
body_functions,Body Functions,b7,Neuromusculoskeletal and Movement-Related Functions,신경근골격 및 운동관련 기능,5,90,b705,,,,,Not Started,,,,,High,
body_functions,Body Functions,b7,Neuromusculoskeletal and Movement-Related Functions,신경근골격 및 운동관련 기능,6,90,b706,,,,,Not Started,,,,,High,
body_functions,Body Functions,b7,Neuromusculoskeletal and Movement-Related Functions,신경근골격 및 운동관련 기능,7,90,b707,,,,,Not Started,,,,,High,
body_functions,Body Functions,b7,Neuromusculoskeletal and Movement-Related Functions,신경근골격 및 운동관련 기능,8,90,b708,,,,,Not Started,,,,,High,
body_functions,Body Functions,b7,Neuromusculoskeletal and Movement-Related Functions,신경근골격 및 운동관련 기능,9,90,b709,,,,,Not Started,,,,,High,
body_functions,Body Functions,b7,Neuromusculoskeletal and Movement-Related Functions,신경근골격 및 운동관련 기능,10,90,b710,,,,,Not Started,,,,,High,
body_functions,Body Functions,b7,Neuromusculoskeletal and Movement-Related Functions,신경근골격 및 운동관련 기능,11,90,b711,,,,,Not Started,,,,,High,
body_functions,Body Functions,b7,Neuromusculoskeletal and Movement-Related Functions,신경근골격 및 운동관련 기능,12,90,b712,,,,,Not Started,,,,,High,
body_functions,Body Functions,b7,Neuromusculoskeletal and Movement-Related Functions,신경근골격 및 운동관련 기능,13,90,b713,,,,,Not Started,,,,,High,
body_functions,Body Functions,b7,Neuromusculoskeletal and Movement-Related Functions,신경근골격 및 운동관련 기능,14,90,b714,,,,,Not Started,,,,,High,
body_functions,Body Functions,b7,Neuromusculoskeletal and Movement-Related Functions,신경근골격 및 운동관련 기능,15,90,b715,,,,,Not Started,,,,,High,
body_functions,Body Functions,b7,Neuromusculoskeletal and Movement-Related Functions,신경근골격 및 운동관련 기능,16,90,b716,,,,,Not Started,,,,,High,
body_functions,Body Functions,b7,Neuromusculoskeletal and Movement-Related Functions,신경근골격 및 운동관련 기능,17,90,b717,,,,,Not Started,,,,,High,
body_functions,Body Functions,b7,Neuromusculoskeletal and Movement-Related Functions,신경근골격 및 운동관련 기능,18,90,b718,,,,,Not Started,,,,,High,
body_functions,Body Functions,b7,Neuromusculoskeletal and Movement-Related Functions,신경근골격 및 운동관련 기능,19,90,b719,,,,,Not Started,,,,,High,
body_functions,Body Functions,b7,Neuromusculoskeletal and Movement-Related Functions,신경근골격 및 운동관련 기능,20,90,b720,,,,,Not Started,,,,,High,
body_functions,Body Functions,b7,Neuromusculoskeletal and Movement-Related Functions,신경근골격 및 운동관련 기능,21,90,b721,,,,,Not Started,,,,,High,
body_functions,Body Functions,b7,Neuromusculoskeletal and Movement-Related Functions,신경근골격 및 운동관련 기능,22,90,b722,,,,,Not Started,,,,,High,
body_functions,Body Functions,b7,Neuromusculoskeletal and Movement-Related Functions,신경근골격 및 운동관련 기능,23,90,b723,,,,,Not Started,,,,,High,
body_functions,Body Functions,b7,Neuromusculoskeletal and Movement-Related Functions,신경근골격 및 운동관련 기능,24,90,b724,,,,,Not Started,,,,,High,
body_functions,Body Functions,b7,Neuromusculoskeletal and Movement-Related Functions,신경근골격 및 운동관련 기능,25,90,b725,,,,,Not Started,,,,,High,
body_functions,Body Functions,b7,Neuromusculoskeletal and Movement-Related Functions,신경근골격 및 운동관련 기능,26,90,b726,,,,,Not Started,,,,,High,
body_functions,Body Functions,b7,Neuromusculoskeletal and Movement-Related Functions,신경근골격 및 운동관련 기능,27,90,b727,,,,,Not Started,,,,,High,
body_functions,Body Functions,b7,Neuromusculoskeletal and Movement-Related Functions,신경근골격 및 운동관련 기능,28,90,b728,,,,,Not Started,,,,,High,
body_functions,Body Functions,b7,Neuromusculoskeletal and Movement-Related Functions,신경근골격 및 운동관련 기능,29,90,b729,,,,,Not Started,,,,,High,
body_functions,Body Functions,b7,Neuromusculoskeletal and Movement-Related Functions,신경근골격 및 운동관련 기능,30,90,b730,,,,,Not Started,,,,,High,
body_functions,Body Functions,b7,Neuromusculoskeletal and Movement-Related Functions,신경근골격 및 운동관련 기능,31,90,b731,,,,,Not Started,,,,,High,
body_functions,Body Functions,b7,Neuromusculoskeletal and Movement-Related Functions,신경근골격 및 운동관련 기능,32,90,b732,,,,,Not Started,,,,,High,
body_functions,Body Functions,b7,Neuromusculoskeletal and Movement-Related Functions,신경근골격 및 운동관련 기능,33,90,b733,,,,,Not Started,,,,,High,
body_functions,Body Functions,b7,Neuromusculoskeletal and Movement-Related Functions,신경근골격 및 운동관련 기능,34,90,b734,,,,,Not Started,,,,,High,
body_functions,Body Functions,b7,Neuromusculoskeletal and Movement-Related Functions,신경근골격 및 운동관련 기능,35,90,b735,,,,,Not Started,,,,,High,
body_functions,Body Functions,b7,Neuromusculoskeletal and Movement-Related Functions,신경근골격 및 운동관련 기능,36,90,b736,,,,,Not Started,,,,,High,
body_functions,Body Functions,b7,Neuromusculoskeletal and Movement-Related Functions,신경근골격 및 운동관련 기능,37,90,b737,,,,,Not Started,,,,,High,
body_functions,Body Functions,b7,Neuromusculoskeletal and Movement-Related Functions,신경근골격 및 운동관련 기능,38,90,b738,,,,,Not Started,,,,,High,
body_functions,Body Functions,b7,Neuromusculoskeletal and Movement-Related Functions,신경근골격 및 운동관련 기능,39,90,b739,,,,,Not Started,,,,,High,
body_functions,Body Functions,b7,Neuromusculoskeletal and Movement-Related Functions,신경근골격 및 운동관련 기능,40,90,b740,,,,,Not Started,,,,,High,
body_functions,Body Functions,b7,Neuromusculoskeletal and Movement-Related Functions,신경근골격 및 운동관련 기능,41,90,b741,,,,,Not Started,,,,,High,
body_functions,Body Functions,b7,Neuromusculoskeletal and Movement-Related Functions,신경근골격 및 운동관련 기능,42,90,b742,,,,,Not Started,,,,,High,
body_functions,Body Functions,b7,Neuromusculoskeletal and Movement-Related Functions,신경근골격 및 운동관련 기능,43,90,b743,,,,,Not Started,,,,,High,
body_functions,Body Functions,b7,Neuromusculoskeletal and Movement-Related Functions,신경근골격 및 운동관련 기능,44,90,b744,,,,,Not Started,,,,,High,
body_functions,Body Functions,b7,Neuromusculoskeletal and Movement-Related Functions,신경근골격 및 운동관련 기능,45,90,b745,,,,,Not Started,,,,,High,
body_functions,Body Functions,b7,Neuromusculoskeletal and Movement-Related Functions,신경근골격 및 운동관련 기능,46,90,b746,,,,,Not Started,,,,,High,
body_functions,Body Functions,b7,Neuromusculoskeletal and Movement-Related Functions,신경근골격 및 운동관련 기능,47,90,b747,,,,,Not Started,,,,,High,
body_functions,Body Functions,b7,Neuromusculoskeletal and Movement-Related Functions,신경근골격 및 운동관련 기능,48,90,b748,,,,,Not Started,,,,,High,
body_functions,Body Functions,b7,Neuromusculoskeletal and Movement-Related Functions,신경근골격 및 운동관련 기능,49,90,b749,,,,,Not Started,,,,,High,
body_functions,Body Functions,b7,Neuromusculoskeletal and Movement-Related Functions,신경근골격 및 운동관련 기능,50,90,b750,,,,,Not Started,,,,,High,
body_functions,Body Functions,b7,Neuromusculoskeletal and Movement-Related Functions,신경근골격 및 운동관련 기능,51,90,b751,,,,,Not Started,,,,,High,
body_functions,Body Functions,b7,Neuromusculoskeletal and Movement-Related Functions,신경근골격 및 운동관련 기능,52,90,b752,,,,,Not Started,,,,,High,
body_functions,Body Functions,b7,Neuromusculoskeletal and Movement-Related Functions,신경근골격 및 운동관련 기능,53,90,b753,,,,,Not Started,,,,,High,
body_functions,Body Functions,b7,Neuromusculoskeletal and Movement-Related Functions,신경근골격 및 운동관련 기능,54,90,b754,,,,,Not Started,,,,,High,
body_functions,Body Functions,b7,Neuromusculoskeletal and Movement-Related Functions,신경근골격 및 운동관련 기능,55,90,b755,,,,,Not Started,,,,,High,
body_functions,Body Functions,b7,Neuromusculoskeletal and Movement-Related Functions,신경근골격 및 운동관련 기능,56,90,b756,,,,,Not Started,,,,,High,
body_functions,Body Functions,b7,Neuromusculoskeletal and Movement-Related Functions,신경근골격 및 운동관련 기능,57,90,b757,,,,,Not Started,,,,,High,
body_functions,Body Functions,b7,Neuromusculoskeletal and Movement-Related Functions,신경근골격 및 운동관련 기능,58,90,b758,,,,,Not Started,,,,,High,
body_functions,Body Functions,b7,Neuromusculoskeletal and Movement-Related Functions,신경근골격 및 운동관련 기능,59,90,b759,,,,,Not Started,,,,,High,
body_functions,Body Functions,b7,Neuromusculoskeletal and Movement-Related Functions,신경근골격 및 운동관련 기능,60,90,b760,,,,,Not Started,,,,,High,
body_functions,Body Functions,b7,Neuromusculoskeletal and Movement-Related Functions,신경근골격 및 운동관련 기능,61,90,b761,,,,,Not Started,,,,,High,
body_functions,Body Functions,b7,Neuromusculoskeletal and Movement-Related Functions,신경근골격 및 운동관련 기능,62,90,b762,,,,,Not Started,,,,,High,
body_functions,Body Functions,b7,Neuromusculoskeletal and Movement-Related Functions,신경근골격 및 운동관련 기능,63,90,b763,,,,,Not Started,,,,,High,
body_functions,Body Functions,b7,Neuromusculoskeletal and Movement-Related Functions,신경근골격 및 운동관련 기능,64,90,b764,,,,,Not Started,,,,,High,
body_functions,Body Functions,b7,Neuromusculoskeletal and Movement-Related Functions,신경근골격 및 운동관련 기능,65,90,b765,,,,,Not Started,,,,,High,
body_functions,Body Functions,b7,Neuromusculoskeletal and Movement-Related Functions,신경근골격 및 운동관련 기능,66,90,b766,,,,,Not Started,,,,,High,
body_functions,Body Functions,b7,Neuromusculoskeletal and Movement-Related Functions,신경근골격 및 운동관련 기능,67,90,b767,,,,,Not Started,,,,,High,
body_functions,Body Functions,b7,Neuromusculoskeletal and Movement-Related Functions,신경근골격 및 운동관련 기능,68,90,b768,,,,,Not Started,,,,,High,
body_functions,Body Functions,b7,Neuromusculoskeletal and Movement-Related Functions,신경근골격 및 운동관련 기능,69,90,b769,,,,,Not Started,,,,,High,
body_functions,Body Functions,b7,Neuromusculoskeletal and Movement-Related Functions,신경근골격 및 운동관련 기능,70,90,b770,,,,,Not Started,,,,,High,
body_functions,Body Functions,b7,Neuromusculoskeletal and Movement-Related Functions,신경근골격 및 운동관련 기능,71,90,b771,,,,,Not Started,,,,,High,
body_functions,Body Functions,b7,Neuromusculoskeletal and Movement-Related Functions,신경근골격 및 운동관련 기능,72,90,b772,,,,,Not Started,,,,,High,
body_functions,Body Functions,b7,Neuromusculoskeletal and Movement-Related Functions,신경근골격 및 운동관련 기능,73,90,b773,,,,,Not Started,,,,,High,
body_functions,Body Functions,b7,Neuromusculoskeletal and Movement-Related Functions,신경근골격 및 운동관련 기능,74,90,b774,,,,,Not Started,,,,,High,
body_functions,Body Functions,b7,Neuromusculoskeletal and Movement-Related Functions,신경근골격 및 운동관련 기능,75,90,b775,,,,,Not Started,,,,,High,
body_functions,Body Functions,b7,Neuromusculoskeletal and Movement-Related Functions,신경근골격 및 운동관련 기능,76,90,b776,,,,,Not Started,,,,,High,
body_functions,Body Functions,b7,Neuromusculoskeletal and Movement-Related Functions,신경근골격 및 운동관련 기능,77,90,b777,,,,,Not Started,,,,,High,
body_functions,Body Functions,b7,Neuromusculoskeletal and Movement-Related Functions,신경근골격 및 운동관련 기능,78,90,b778,,,,,Not Started,,,,,High,
body_functions,Body Functions,b7,Neuromusculoskeletal and Movement-Related Functions,신경근골격 및 운동관련 기능,79,90,b779,,,,,Not Started,,,,,High,
body_functions,Body Functions,b7,Neuromusculoskeletal and Movement-Related Functions,신경근골격 및 운동관련 기능,80,90,b780,,,,,Not Started,,,,,High,
body_functions,Body Functions,b7,Neuromusculoskeletal and Movement-Related Functions,신경근골격 및 운동관련 기능,81,90,b781,,,,,Not Started,,,,,High,
body_functions,Body Functions,b7,Neuromusculoskeletal and Movement-Related Functions,신경근골격 및 운동관련 기능,82,90,b782,,,,,Not Started,,,,,High,
body_functions,Body Functions,b7,Neuromusculoskeletal and Movement-Related Functions,신경근골격 및 운동관련 기능,83,90,b783,,,,,Not Started,,,,,High,
body_functions,Body Functions,b7,Neuromusculoskeletal and Movement-Related Functions,신경근골격 및 운동관련 기능,84,90,b784,,,,,Not Started,,,,,High,
body_functions,Body Functions,b7,Neuromusculoskeletal and Movement-Related Functions,신경근골격 및 운동관련 기능,85,90,b785,,,,,Not Started,,,,,High,
body_functions,Body Functions,b7,Neuromusculoskeletal and Movement-Related Functions,신경근골격 및 운동관련 기능,86,90,b786,,,,,Not Started,,,,,High,
body_functions,Body Functions,b7,Neuromusculoskeletal and Movement-Related Functions,신경근골격 및 운동관련 기능,87,90,b787,,,,,Not Started,,,,,High,
body_functions,Body Functions,b7,Neuromusculoskeletal and Movement-Related Functions,신경근골격 및 운동관련 기능,88,90,b788,,,,,Not Started,,,,,High,
body_functions,Body Functions,b7,Neuromusculoskeletal and Movement-Related Functions,신경근골격 및 운동관련 기능,89,90,b789,,,,,Not Started,,,,,High,
body_functions,Body Functions,b7,Neuromusculoskeletal and Movement-Related Functions,신경근골격 및 운동관련 기능,90,90,b790,,,,,Not Started,,,,,High,
body_functions,Body Functions,b8,Functions of the Skin and Related Structures,피부 및 관련 구조 기능,1,28,b801,,,,,Not Started,,,,,High,
body_functions,Body Functions,b8,Functions of the Skin and Related Structures,피부 및 관련 구조 기능,2,28,b802,,,,,Not Started,,,,,High,
body_functions,Body Functions,b8,Functions of the Skin and Related Structures,피부 및 관련 구조 기능,3,28,b803,,,,,Not Started,,,,,High,
body_functions,Body Functions,b8,Functions of the Skin and Related Structures,피부 및 관련 구조 기능,4,28,b804,,,,,Not Started,,,,,High,
body_functions,Body Functions,b8,Functions of the Skin and Related Structures,피부 및 관련 구조 기능,5,28,b805,,,,,Not Started,,,,,High,
body_functions,Body Functions,b8,Functions of the Skin and Related Structures,피부 및 관련 구조 기능,6,28,b806,,,,,Not Started,,,,,High,
body_functions,Body Functions,b8,Functions of the Skin and Related Structures,피부 및 관련 구조 기능,7,28,b807,,,,,Not Started,,,,,High,
body_functions,Body Functions,b8,Functions of the Skin and Related Structures,피부 및 관련 구조 기능,8,28,b808,,,,,Not Started,,,,,High,
body_functions,Body Functions,b8,Functions of the Skin and Related Structures,피부 및 관련 구조 기능,9,28,b809,,,,,Not Started,,,,,High,
body_functions,Body Functions,b8,Functions of the Skin and Related Structures,피부 및 관련 구조 기능,10,28,b810,,,,,Not Started,,,,,High,
body_functions,Body Functions,b8,Functions of the Skin and Related Structures,피부 및 관련 구조 기능,11,28,b811,,,,,Not Started,,,,,High,
body_functions,Body Functions,b8,Functions of the Skin and Related Structures,피부 및 관련 구조 기능,12,28,b812,,,,,Not Started,,,,,High,
body_functions,Body Functions,b8,Functions of the Skin and Related Structures,피부 및 관련 구조 기능,13,28,b813,,,,,Not Started,,,,,High,
body_functions,Body Functions,b8,Functions of the Skin and Related Structures,피부 및 관련 구조 기능,14,28,b814,,,,,Not Started,,,,,High,
body_functions,Body Functions,b8,Functions of the Skin and Related Structures,피부 및 관련 구조 기능,15,28,b815,,,,,Not Started,,,,,High,
body_functions,Body Functions,b8,Functions of the Skin and Related Structures,피부 및 관련 구조 기능,16,28,b816,,,,,Not Started,,,,,High,
body_functions,Body Functions,b8,Functions of the Skin and Related Structures,피부 및 관련 구조 기능,17,28,b817,,,,,Not Started,,,,,High,
body_functions,Body Functions,b8,Functions of the Skin and Related Structures,피부 및 관련 구조 기능,18,28,b818,,,,,Not Started,,,,,High,
body_functions,Body Functions,b8,Functions of the Skin and Related Structures,피부 및 관련 구조 기능,19,28,b819,,,,,Not Started,,,,,High,
body_functions,Body Functions,b8,Functions of the Skin and Related Structures,피부 및 관련 구조 기능,20,28,b820,,,,,Not Started,,,,,High,
body_functions,Body Functions,b8,Functions of the Skin and Related Structures,피부 및 관련 구조 기능,21,28,b821,,,,,Not Started,,,,,High,
body_functions,Body Functions,b8,Functions of the Skin and Related Structures,피부 및 관련 구조 기능,22,28,b822,,,,,Not Started,,,,,High,
body_functions,Body Functions,b8,Functions of the Skin and Related Structures,피부 및 관련 구조 기능,23,28,b823,,,,,Not Started,,,,,High,
body_functions,Body Functions,b8,Functions of the Skin and Related Structures,피부 및 관련 구조 기능,24,28,b824,,,,,Not Started,,,,,High,
body_functions,Body Functions,b8,Functions of the Skin and Related Structures,피부 및 관련 구조 기능,25,28,b825,,,,,Not Started,,,,,High,
body_functions,Body Functions,b8,Functions of the Skin and Related Structures,피부 및 관련 구조 기능,26,28,b826,,,,,Not Started,,,,,High,
body_functions,Body Functions,b8,Functions of the Skin and Related Structures,피부 및 관련 구조 기능,27,28,b827,,,,,Not Started,,,,,High,
body_functions,Body Functions,b8,Functions of the Skin and Related Structures,피부 및 관련 구조 기능,28,28,b828,,,,,Not Started,,,,,High,
body_structures,Body Structures,s1,Structure of the Nervous System,신경계 구조,1,45,s101,,,,,Not Started,,,,,High,
body_structures,Body Structures,s1,Structure of the Nervous System,신경계 구조,2,45,s102,,,,,Not Started,,,,,High,
body_structures,Body Structures,s1,Structure of the Nervous System,신경계 구조,3,45,s103,,,,,Not Started,,,,,High,
body_structures,Body Structures,s1,Structure of the Nervous System,신경계 구조,4,45,s104,,,,,Not Started,,,,,High,
body_structures,Body Structures,s1,Structure of the Nervous System,신경계 구조,5,45,s105,,,,,Not Started,,,,,High,
body_structures,Body Structures,s1,Structure of the Nervous System,신경계 구조,6,45,s106,,,,,Not Started,,,,,High,
body_structures,Body Structures,s1,Structure of the Nervous System,신경계 구조,7,45,s107,,,,,Not Started,,,,,High,
body_structures,Body Structures,s1,Structure of the Nervous System,신경계 구조,8,45,s108,,,,,Not Started,,,,,High,
body_structures,Body Structures,s1,Structure of the Nervous System,신경계 구조,9,45,s109,,,,,Not Started,,,,,High,
body_structures,Body Structures,s1,Structure of the Nervous System,신경계 구조,10,45,s110,,,,,Not Started,,,,,High,
body_structures,Body Structures,s1,Structure of the Nervous System,신경계 구조,11,45,s111,,,,,Not Started,,,,,High,
body_structures,Body Structures,s1,Structure of the Nervous System,신경계 구조,12,45,s112,,,,,Not Started,,,,,High,
body_structures,Body Structures,s1,Structure of the Nervous System,신경계 구조,13,45,s113,,,,,Not Started,,,,,High,
body_structures,Body Structures,s1,Structure of the Nervous System,신경계 구조,14,45,s114,,,,,Not Started,,,,,High,
body_structures,Body Structures,s1,Structure of the Nervous System,신경계 구조,15,45,s115,,,,,Not Started,,,,,High,
body_structures,Body Structures,s1,Structure of the Nervous System,신경계 구조,16,45,s116,,,,,Not Started,,,,,High,
body_structures,Body Structures,s1,Structure of the Nervous System,신경계 구조,17,45,s117,,,,,Not Started,,,,,High,
body_structures,Body Structures,s1,Structure of the Nervous System,신경계 구조,18,45,s118,,,,,Not Started,,,,,High,
body_structures,Body Structures,s1,Structure of the Nervous System,신경계 구조,19,45,s119,,,,,Not Started,,,,,High,
body_structures,Body Structures,s1,Structure of the Nervous System,신경계 구조,20,45,s120,,,,,Not Started,,,,,High,
body_structures,Body Structures,s1,Structure of the Nervous System,신경계 구조,21,45,s121,,,,,Not Started,,,,,High,
body_structures,Body Structures,s1,Structure of the Nervous System,신경계 구조,22,45,s122,,,,,Not Started,,,,,High,
body_structures,Body Structures,s1,Structure of the Nervous System,신경계 구조,23,45,s123,,,,,Not Started,,,,,High,
body_structures,Body Structures,s1,Structure of the Nervous System,신경계 구조,24,45,s124,,,,,Not Started,,,,,High,
body_structures,Body Structures,s1,Structure of the Nervous System,신경계 구조,25,45,s125,,,,,Not Started,,,,,High,
body_structures,Body Structures,s1,Structure of the Nervous System,신경계 구조,26,45,s126,,,,,Not Started,,,,,High,
body_structures,Body Structures,s1,Structure of the Nervous System,신경계 구조,27,45,s127,,,,,Not Started,,,,,High,
body_structures,Body Structures,s1,Structure of the Nervous System,신경계 구조,28,45,s128,,,,,Not Started,,,,,High,
body_structures,Body Structures,s1,Structure of the Nervous System,신경계 구조,29,45,s129,,,,,Not Started,,,,,High,
body_structures,Body Structures,s1,Structure of the Nervous System,신경계 구조,30,45,s130,,,,,Not Started,,,,,High,
body_structures,Body Structures,s1,Structure of the Nervous System,신경계 구조,31,45,s131,,,,,Not Started,,,,,High,
body_structures,Body Structures,s1,Structure of the Nervous System,신경계 구조,32,45,s132,,,,,Not Started,,,,,High,
body_structures,Body Structures,s1,Structure of the Nervous System,신경계 구조,33,45,s133,,,,,Not Started,,,,,High,
body_structures,Body Structures,s1,Structure of the Nervous System,신경계 구조,34,45,s134,,,,,Not Started,,,,,High,
body_structures,Body Structures,s1,Structure of the Nervous System,신경계 구조,35,45,s135,,,,,Not Started,,,,,High,
body_structures,Body Structures,s1,Structure of the Nervous System,신경계 구조,36,45,s136,,,,,Not Started,,,,,High,
body_structures,Body Structures,s1,Structure of the Nervous System,신경계 구조,37,45,s137,,,,,Not Started,,,,,High,
body_structures,Body Structures,s1,Structure of the Nervous System,신경계 구조,38,45,s138,,,,,Not Started,,,,,High,
body_structures,Body Structures,s1,Structure of the Nervous System,신경계 구조,39,45,s139,,,,,Not Started,,,,,High,
body_structures,Body Structures,s1,Structure of the Nervous System,신경계 구조,40,45,s140,,,,,Not Started,,,,,High,
body_structures,Body Structures,s1,Structure of the Nervous System,신경계 구조,41,45,s141,,,,,Not Started,,,,,High,
body_structures,Body Structures,s1,Structure of the Nervous System,신경계 구조,42,45,s142,,,,,Not Started,,,,,High,
body_structures,Body Structures,s1,Structure of the Nervous System,신경계 구조,43,45,s143,,,,,Not Started,,,,,High,
body_structures,Body Structures,s1,Structure of the Nervous System,신경계 구조,44,45,s144,,,,,Not Started,,,,,High,
body_structures,Body Structures,s1,Structure of the Nervous System,신경계 구조,45,45,s145,,,,,Not Started,,,,,High,
body_structures,Body Structures,s2,"The Eye, Ear and Related Structures","눈, 귀 및 관련 구조",1,50,s201,,,,,Not Started,,,,,High,
body_structures,Body Structures,s2,"The Eye, Ear and Related Structures","눈, 귀 및 관련 구조",2,50,s202,,,,,Not Started,,,,,High,
body_structures,Body Structures,s2,"The Eye, Ear and Related Structures","눈, 귀 및 관련 구조",3,50,s203,,,,,Not Started,,,,,High,
body_structures,Body Structures,s2,"The Eye, Ear and Related Structures","눈, 귀 및 관련 구조",4,50,s204,,,,,Not Started,,,,,High,
body_structures,Body Structures,s2,"The Eye, Ear and Related Structures","눈, 귀 및 관련 구조",5,50,s205,,,,,Not Started,,,,,High,
body_structures,Body Structures,s2,"The Eye, Ear and Related Structures","눈, 귀 및 관련 구조",6,50,s206,,,,,Not Started,,,,,High,
body_structures,Body Structures,s2,"The Eye, Ear and Related Structures","눈, 귀 및 관련 구조",7,50,s207,,,,,Not Started,,,,,High,
body_structures,Body Structures,s2,"The Eye, Ear and Related Structures","눈, 귀 및 관련 구조",8,50,s208,,,,,Not Started,,,,,High,
body_structures,Body Structures,s2,"The Eye, Ear and Related Structures","눈, 귀 및 관련 구조",9,50,s209,,,,,Not Started,,,,,High,
body_structures,Body Structures,s2,"The Eye, Ear and Related Structures","눈, 귀 및 관련 구조",10,50,s210,,,,,Not Started,,,,,High,
body_structures,Body Structures,s2,"The Eye, Ear and Related Structures","눈, 귀 및 관련 구조",11,50,s211,,,,,Not Started,,,,,High,
body_structures,Body Structures,s2,"The Eye, Ear and Related Structures","눈, 귀 및 관련 구조",12,50,s212,,,,,Not Started,,,,,High,
body_structures,Body Structures,s2,"The Eye, Ear and Related Structures","눈, 귀 및 관련 구조",13,50,s213,,,,,Not Started,,,,,High,
body_structures,Body Structures,s2,"The Eye, Ear and Related Structures","눈, 귀 및 관련 구조",14,50,s214,,,,,Not Started,,,,,High,
body_structures,Body Structures,s2,"The Eye, Ear and Related Structures","눈, 귀 및 관련 구조",15,50,s215,,,,,Not Started,,,,,High,
body_structures,Body Structures,s2,"The Eye, Ear and Related Structures","눈, 귀 및 관련 구조",16,50,s216,,,,,Not Started,,,,,High,
body_structures,Body Structures,s2,"The Eye, Ear and Related Structures","눈, 귀 및 관련 구조",17,50,s217,,,,,Not Started,,,,,High,
body_structures,Body Structures,s2,"The Eye, Ear and Related Structures","눈, 귀 및 관련 구조",18,50,s218,,,,,Not Started,,,,,High,
body_structures,Body Structures,s2,"The Eye, Ear and Related Structures","눈, 귀 및 관련 구조",19,50,s219,,,,,Not Started,,,,,High,
body_structures,Body Structures,s2,"The Eye, Ear and Related Structures","눈, 귀 및 관련 구조",20,50,s220,,,,,Not Started,,,,,High,
body_structures,Body Structures,s2,"The Eye, Ear and Related Structures","눈, 귀 및 관련 구조",21,50,s221,,,,,Not Started,,,,,High,
body_structures,Body Structures,s2,"The Eye, Ear and Related Structures","눈, 귀 및 관련 구조",22,50,s222,,,,,Not Started,,,,,High,
body_structures,Body Structures,s2,"The Eye, Ear and Related Structures","눈, 귀 및 관련 구조",23,50,s223,,,,,Not Started,,,,,High,
body_structures,Body Structures,s2,"The Eye, Ear and Related Structures","눈, 귀 및 관련 구조",24,50,s224,,,,,Not Started,,,,,High,
body_structures,Body Structures,s2,"The Eye, Ear and Related Structures","눈, 귀 및 관련 구조",25,50,s225,,,,,Not Started,,,,,High,
body_structures,Body Structures,s2,"The Eye, Ear and Related Structures","눈, 귀 및 관련 구조",26,50,s226,,,,,Not Started,,,,,High,
body_structures,Body Structures,s2,"The Eye, Ear and Related Structures","눈, 귀 및 관련 구조",27,50,s227,,,,,Not Started,,,,,High,
body_structures,Body Structures,s2,"The Eye, Ear and Related Structures","눈, 귀 및 관련 구조",28,50,s228,,,,,Not Started,,,,,High,
body_structures,Body Structures,s2,"The Eye, Ear and Related Structures","눈, 귀 및 관련 구조",29,50,s229,,,,,Not Started,,,,,High,
body_structures,Body Structures,s2,"The Eye, Ear and Related Structures","눈, 귀 및 관련 구조",30,50,s230,,,,,Not Started,,,,,High,
body_structures,Body Structures,s2,"The Eye, Ear and Related Structures","눈, 귀 및 관련 구조",31,50,s231,,,,,Not Started,,,,,High,
body_structures,Body Structures,s2,"The Eye, Ear and Related Structures","눈, 귀 및 관련 구조",32,50,s232,,,,,Not Started,,,,,High,
body_structures,Body Structures,s2,"The Eye, Ear and Related Structures","눈, 귀 및 관련 구조",33,50,s233,,,,,Not Started,,,,,High,
body_structures,Body Structures,s2,"The Eye, Ear and Related Structures","눈, 귀 및 관련 구조",34,50,s234,,,,,Not Started,,,,,High,
body_structures,Body Structures,s2,"The Eye, Ear and Related Structures","눈, 귀 및 관련 구조",35,50,s235,,,,,Not Started,,,,,High,
body_structures,Body Structures,s2,"The Eye, Ear and Related Structures","눈, 귀 및 관련 구조",36,50,s236,,,,,Not Started,,,,,High,
body_structures,Body Structures,s2,"The Eye, Ear and Related Structures","눈, 귀 및 관련 구조",37,50,s237,,,,,Not Started,,,,,High,
body_structures,Body Structures,s2,"The Eye, Ear and Related Structures","눈, 귀 및 관련 구조",38,50,s238,,,,,Not Started,,,,,High,
body_structures,Body Structures,s2,"The Eye, Ear and Related Structures","눈, 귀 및 관련 구조",39,50,s239,,,,,Not Started,,,,,High,
body_structures,Body Structures,s2,"The Eye, Ear and Related Structures","눈, 귀 및 관련 구조",40,50,s240,,,,,Not Started,,,,,High,
body_structures,Body Structures,s2,"The Eye, Ear and Related Structures","눈, 귀 및 관련 구조",41,50,s241,,,,,Not Started,,,,,High,
body_structures,Body Structures,s2,"The Eye, Ear and Related Structures","눈, 귀 및 관련 구조",42,50,s242,,,,,Not Started,,,,,High,
body_structures,Body Structures,s2,"The Eye, Ear and Related Structures","눈, 귀 및 관련 구조",43,50,s243,,,,,Not Started,,,,,High,
body_structures,Body Structures,s2,"The Eye, Ear and Related Structures","눈, 귀 및 관련 구조",44,50,s244,,,,,Not Started,,,,,High,
body_structures,Body Structures,s2,"The Eye, Ear and Related Structures","눈, 귀 및 관련 구조",45,50,s245,,,,,Not Started,,,,,High,
body_structures,Body Structures,s2,"The Eye, Ear and Related Structures","눈, 귀 및 관련 구조",46,50,s246,,,,,Not Started,,,,,High,
body_structures,Body Structures,s2,"The Eye, Ear and Related Structures","눈, 귀 및 관련 구조",47,50,s247,,,,,Not Started,,,,,High,
body_structures,Body Structures,s2,"The Eye, Ear and Related Structures","눈, 귀 및 관련 구조",48,50,s248,,,,,Not Started,,,,,High,
body_structures,Body Structures,s2,"The Eye, Ear and Related Structures","눈, 귀 및 관련 구조",49,50,s249,,,,,Not Started,,,,,High,
body_structures,Body Structures,s2,"The Eye, Ear and Related Structures","눈, 귀 및 관련 구조",50,50,s250,,,,,Not Started,,,,,High,
body_structures,Body Structures,s3,Structures Involved in Voice and Speech,음성 및 말 관련 구조,1,35,s301,,,,,Not Started,,,,,High,
body_structures,Body Structures,s3,Structures Involved in Voice and Speech,음성 및 말 관련 구조,2,35,s302,,,,,Not Started,,,,,High,
body_structures,Body Structures,s3,Structures Involved in Voice and Speech,음성 및 말 관련 구조,3,35,s303,,,,,Not Started,,,,,High,
body_structures,Body Structures,s3,Structures Involved in Voice and Speech,음성 및 말 관련 구조,4,35,s304,,,,,Not Started,,,,,High,
body_structures,Body Structures,s3,Structures Involved in Voice and Speech,음성 및 말 관련 구조,5,35,s305,,,,,Not Started,,,,,High,
body_structures,Body Structures,s3,Structures Involved in Voice and Speech,음성 및 말 관련 구조,6,35,s306,,,,,Not Started,,,,,High,
body_structures,Body Structures,s3,Structures Involved in Voice and Speech,음성 및 말 관련 구조,7,35,s307,,,,,Not Started,,,,,High,
body_structures,Body Structures,s3,Structures Involved in Voice and Speech,음성 및 말 관련 구조,8,35,s308,,,,,Not Started,,,,,High,
body_structures,Body Structures,s3,Structures Involved in Voice and Speech,음성 및 말 관련 구조,9,35,s309,,,,,Not Started,,,,,High,
body_structures,Body Structures,s3,Structures Involved in Voice and Speech,음성 및 말 관련 구조,10,35,s310,,,,,Not Started,,,,,High,
body_structures,Body Structures,s3,Structures Involved in Voice and Speech,음성 및 말 관련 구조,11,35,s311,,,,,Not Started,,,,,High,
body_structures,Body Structures,s3,Structures Involved in Voice and Speech,음성 및 말 관련 구조,12,35,s312,,,,,Not Started,,,,,High,
body_structures,Body Structures,s3,Structures Involved in Voice and Speech,음성 및 말 관련 구조,13,35,s313,,,,,Not Started,,,,,High,
body_structures,Body Structures,s3,Structures Involved in Voice and Speech,음성 및 말 관련 구조,14,35,s314,,,,,Not Started,,,,,High,
body_structures,Body Structures,s3,Structures Involved in Voice and Speech,음성 및 말 관련 구조,15,35,s315,,,,,Not Started,,,,,High,
body_structures,Body Structures,s3,Structures Involved in Voice and Speech,음성 및 말 관련 구조,16,35,s316,,,,,Not Started,,,,,High,
body_structures,Body Structures,s3,Structures Involved in Voice and Speech,음성 및 말 관련 구조,17,35,s317,,,,,Not Started,,,,,High,
body_structures,Body Structures,s3,Structures Involved in Voice and Speech,음성 및 말 관련 구조,18,35,s318,,,,,Not Started,,,,,High,
body_structures,Body Structures,s3,Structures Involved in Voice and Speech,음성 및 말 관련 구조,19,35,s319,,,,,Not Started,,,,,High,
body_structures,Body Structures,s3,Structures Involved in Voice and Speech,음성 및 말 관련 구조,20,35,s320,,,,,Not Started,,,,,High,
body_structures,Body Structures,s3,Structures Involved in Voice and Speech,음성 및 말 관련 구조,21,35,s321,,,,,Not Started,,,,,High,
body_structures,Body Structures,s3,Structures Involved in Voice and Speech,음성 및 말 관련 구조,22,35,s322,,,,,Not Started,,,,,High,
body_structures,Body Structures,s3,Structures Involved in Voice and Speech,음성 및 말 관련 구조,23,35,s323,,,,,Not Started,,,,,High,
body_structures,Body Structures,s3,Structures Involved in Voice and Speech,음성 및 말 관련 구조,24,35,s324,,,,,Not Started,,,,,High,
body_structures,Body Structures,s3,Structures Involved in Voice and Speech,음성 및 말 관련 구조,25,35,s325,,,,,Not Started,,,,,High,
body_structures,Body Structures,s3,Structures Involved in Voice and Speech,음성 및 말 관련 구조,26,35,s326,,,,,Not Started,,,,,High,
body_structures,Body Structures,s3,Structures Involved in Voice and Speech,음성 및 말 관련 구조,27,35,s327,,,,,Not Started,,,,,High,
body_structures,Body Structures,s3,Structures Involved in Voice and Speech,음성 및 말 관련 구조,28,35,s328,,,,,Not Started,,,,,High,
body_structures,Body Structures,s3,Structures Involved in Voice and Speech,음성 및 말 관련 구조,29,35,s329,,,,,Not Started,,,,,High,
body_structures,Body Structures,s3,Structures Involved in Voice and Speech,음성 및 말 관련 구조,30,35,s330,,,,,Not Started,,,,,High,
body_structures,Body Structures,s3,Structures Involved in Voice and Speech,음성 및 말 관련 구조,31,35,s331,,,,,Not Started,,,,,High,
body_structures,Body Structures,s3,Structures Involved in Voice and Speech,음성 및 말 관련 구조,32,35,s332,,,,,Not Started,,,,,High,
body_structures,Body Structures,s3,Structures Involved in Voice and Speech,음성 및 말 관련 구조,33,35,s333,,,,,Not Started,,,,,High,
body_structures,Body Structures,s3,Structures Involved in Voice and Speech,음성 및 말 관련 구조,34,35,s334,,,,,Not Started,,,,,High,
body_structures,Body Structures,s3,Structures Involved in Voice and Speech,음성 및 말 관련 구조,35,35,s335,,,,,Not Started,,,,,High,
body_structures,Body Structures,s4,"Cardiovascular, Immunological and Respiratory Systems","심혈관, 면역 및 호흡계 구조",1,40,s401,,,,,Not Started,,,,,High,
body_structures,Body Structures,s4,"Cardiovascular, Immunological and Respiratory Systems","심혈관, 면역 및 호흡계 구조",2,40,s402,,,,,Not Started,,,,,High,
body_structures,Body Structures,s4,"Cardiovascular, Immunological and Respiratory Systems","심혈관, 면역 및 호흡계 구조",3,40,s403,,,,,Not Started,,,,,High,
body_structures,Body Structures,s4,"Cardiovascular, Immunological and Respiratory Systems","심혈관, 면역 및 호흡계 구조",4,40,s404,,,,,Not Started,,,,,High,
body_structures,Body Structures,s4,"Cardiovascular, Immunological and Respiratory Systems","심혈관, 면역 및 호흡계 구조",5,40,s405,,,,,Not Started,,,,,High,
body_structures,Body Structures,s4,"Cardiovascular, Immunological and Respiratory Systems","심혈관, 면역 및 호흡계 구조",6,40,s406,,,,,Not Started,,,,,High,
body_structures,Body Structures,s4,"Cardiovascular, Immunological and Respiratory Systems","심혈관, 면역 및 호흡계 구조",7,40,s407,,,,,Not Started,,,,,High,
body_structures,Body Structures,s4,"Cardiovascular, Immunological and Respiratory Systems","심혈관, 면역 및 호흡계 구조",8,40,s408,,,,,Not Started,,,,,High,
body_structures,Body Structures,s4,"Cardiovascular, Immunological and Respiratory Systems","심혈관, 면역 및 호흡계 구조",9,40,s409,,,,,Not Started,,,,,High,
body_structures,Body Structures,s4,"Cardiovascular, Immunological and Respiratory Systems","심혈관, 면역 및 호흡계 구조",10,40,s410,,,,,Not Started,,,,,High,
body_structures,Body Structures,s4,"Cardiovascular, Immunological and Respiratory Systems","심혈관, 면역 및 호흡계 구조",11,40,s411,,,,,Not Started,,,,,High,
body_structures,Body Structures,s4,"Cardiovascular, Immunological and Respiratory Systems","심혈관, 면역 및 호흡계 구조",12,40,s412,,,,,Not Started,,,,,High,
body_structures,Body Structures,s4,"Cardiovascular, Immunological and Respiratory Systems","심혈관, 면역 및 호흡계 구조",13,40,s413,,,,,Not Started,,,,,High,
body_structures,Body Structures,s4,"Cardiovascular, Immunological and Respiratory Systems","심혈관, 면역 및 호흡계 구조",14,40,s414,,,,,Not Started,,,,,High,
body_structures,Body Structures,s4,"Cardiovascular, Immunological and Respiratory Systems","심혈관, 면역 및 호흡계 구조",15,40,s415,,,,,Not Started,,,,,High,
body_structures,Body Structures,s4,"Cardiovascular, Immunological and Respiratory Systems","심혈관, 면역 및 호흡계 구조",16,40,s416,,,,,Not Started,,,,,High,
body_structures,Body Structures,s4,"Cardiovascular, Immunological and Respiratory Systems","심혈관, 면역 및 호흡계 구조",17,40,s417,,,,,Not Started,,,,,High,
body_structures,Body Structures,s4,"Cardiovascular, Immunological and Respiratory Systems","심혈관, 면역 및 호흡계 구조",18,40,s418,,,,,Not Started,,,,,High,
body_structures,Body Structures,s4,"Cardiovascular, Immunological and Respiratory Systems","심혈관, 면역 및 호흡계 구조",19,40,s419,,,,,Not Started,,,,,High,
body_structures,Body Structures,s4,"Cardiovascular, Immunological and Respiratory Systems","심혈관, 면역 및 호흡계 구조",20,40,s420,,,,,Not Started,,,,,High,
body_structures,Body Structures,s4,"Cardiovascular, Immunological and Respiratory Systems","심혈관, 면역 및 호흡계 구조",21,40,s421,,,,,Not Started,,,,,High,
body_structures,Body Structures,s4,"Cardiovascular, Immunological and Respiratory Systems","심혈관, 면역 및 호흡계 구조",22,40,s422,,,,,Not Started,,,,,High,
body_structures,Body Structures,s4,"Cardiovascular, Immunological and Respiratory Systems","심혈관, 면역 및 호흡계 구조",23,40,s423,,,,,Not Started,,,,,High,
body_structures,Body Structures,s4,"Cardiovascular, Immunological and Respiratory Systems","심혈관, 면역 및 호흡계 구조",24,40,s424,,,,,Not Started,,,,,High,
body_structures,Body Structures,s4,"Cardiovascular, Immunological and Respiratory Systems","심혈관, 면역 및 호흡계 구조",25,40,s425,,,,,Not Started,,,,,High,
body_structures,Body Structures,s4,"Cardiovascular, Immunological and Respiratory Systems","심혈관, 면역 및 호흡계 구조",26,40,s426,,,,,Not Started,,,,,High,
body_structures,Body Structures,s4,"Cardiovascular, Immunological and Respiratory Systems","심혈관, 면역 및 호흡계 구조",27,40,s427,,,,,Not Started,,,,,High,
body_structures,Body Structures,s4,"Cardiovascular, Immunological and Respiratory Systems","심혈관, 면역 및 호흡계 구조",28,40,s428,,,,,Not Started,,,,,High,
body_structures,Body Structures,s4,"Cardiovascular, Immunological and Respiratory Systems","심혈관, 면역 및 호흡계 구조",29,40,s429,,,,,Not Started,,,,,High,
body_structures,Body Structures,s4,"Cardiovascular, Immunological and Respiratory Systems","심혈관, 면역 및 호흡계 구조",30,40,s430,,,,,Not Started,,,,,High,
body_structures,Body Structures,s4,"Cardiovascular, Immunological and Respiratory Systems","심혈관, 면역 및 호흡계 구조",31,40,s431,,,,,Not Started,,,,,High,
body_structures,Body Structures,s4,"Cardiovascular, Immunological and Respiratory Systems","심혈관, 면역 및 호흡계 구조",32,40,s432,,,,,Not Started,,,,,High,
body_structures,Body Structures,s4,"Cardiovascular, Immunological and Respiratory Systems","심혈관, 면역 및 호흡계 구조",33,40,s433,,,,,Not Started,,,,,High,
body_structures,Body Structures,s4,"Cardiovascular, Immunological and Respiratory Systems","심혈관, 면역 및 호흡계 구조",34,40,s434,,,,,Not Started,,,,,High,
body_structures,Body Structures,s4,"Cardiovascular, Immunological and Respiratory Systems","심혈관, 면역 및 호흡계 구조",35,40,s435,,,,,Not Started,,,,,High,
body_structures,Body Structures,s4,"Cardiovascular, Immunological and Respiratory Systems","심혈관, 면역 및 호흡계 구조",36,40,s436,,,,,Not Started,,,,,High,
body_structures,Body Structures,s4,"Cardiovascular, Immunological and Respiratory Systems","심혈관, 면역 및 호흡계 구조",37,40,s437,,,,,Not Started,,,,,High,
body_structures,Body Structures,s4,"Cardiovascular, Immunological and Respiratory Systems","심혈관, 면역 및 호흡계 구조",38,40,s438,,,,,Not Started,,,,,High,
body_structures,Body Structures,s4,"Cardiovascular, Immunological and Respiratory Systems","심혈관, 면역 및 호흡계 구조",39,40,s439,,,,,Not Started,,,,,High,
body_structures,Body Structures,s4,"Cardiovascular, Immunological and Respiratory Systems","심혈관, 면역 및 호흡계 구조",40,40,s440,,,,,Not Started,,,,,High,
body_structures,Body Structures,s5,"Structures Related to the Digestive, Metabolic and Endocrine Systems","소화, 대사 및 내분비계 관련 구조",1,35,s501,,,,,Not Started,,,,,High,
body_structures,Body Structures,s5,"Structures Related to the Digestive, Metabolic and Endocrine Systems","소화, 대사 및 내분비계 관련 구조",2,35,s502,,,,,Not Started,,,,,High,
body_structures,Body Structures,s5,"Structures Related to the Digestive, Metabolic and Endocrine Systems","소화, 대사 및 내분비계 관련 구조",3,35,s503,,,,,Not Started,,,,,High,
body_structures,Body Structures,s5,"Structures Related to the Digestive, Metabolic and Endocrine Systems","소화, 대사 및 내분비계 관련 구조",4,35,s504,,,,,Not Started,,,,,High,
body_structures,Body Structures,s5,"Structures Related to the Digestive, Metabolic and Endocrine Systems","소화, 대사 및 내분비계 관련 구조",5,35,s505,,,,,Not Started,,,,,High,
body_structures,Body Structures,s5,"Structures Related to the Digestive, Metabolic and Endocrine Systems","소화, 대사 및 내분비계 관련 구조",6,35,s506,,,,,Not Started,,,,,High,
body_structures,Body Structures,s5,"Structures Related to the Digestive, Metabolic and Endocrine Systems","소화, 대사 및 내분비계 관련 구조",7,35,s507,,,,,Not Started,,,,,High,
body_structures,Body Structures,s5,"Structures Related to the Digestive, Metabolic and Endocrine Systems","소화, 대사 및 내분비계 관련 구조",8,35,s508,,,,,Not Started,,,,,High,
body_structures,Body Structures,s5,"Structures Related to the Digestive, Metabolic and Endocrine Systems","소화, 대사 및 내분비계 관련 구조",9,35,s509,,,,,Not Started,,,,,High,
body_structures,Body Structures,s5,"Structures Related to the Digestive, Metabolic and Endocrine Systems","소화, 대사 및 내분비계 관련 구조",10,35,s510,,,,,Not Started,,,,,High,
body_structures,Body Structures,s5,"Structures Related to the Digestive, Metabolic and Endocrine Systems","소화, 대사 및 내분비계 관련 구조",11,35,s511,,,,,Not Started,,,,,High,
body_structures,Body Structures,s5,"Structures Related to the Digestive, Metabolic and Endocrine Systems","소화, 대사 및 내분비계 관련 구조",12,35,s512,,,,,Not Started,,,,,High,
body_structures,Body Structures,s5,"Structures Related to the Digestive, Metabolic and Endocrine Systems","소화, 대사 및 내분비계 관련 구조",13,35,s513,,,,,Not Started,,,,,High,
body_structures,Body Structures,s5,"Structures Related to the Digestive, Metabolic and Endocrine Systems","소화, 대사 및 내분비계 관련 구조",14,35,s514,,,,,Not Started,,,,,High,
body_structures,Body Structures,s5,"Structures Related to the Digestive, Metabolic and Endocrine Systems","소화, 대사 및 내분비계 관련 구조",15,35,s515,,,,,Not Started,,,,,High,
body_structures,Body Structures,s5,"Structures Related to the Digestive, Metabolic and Endocrine Systems","소화, 대사 및 내분비계 관련 구조",16,35,s516,,,,,Not Started,,,,,High,
body_structures,Body Structures,s5,"Structures Related to the Digestive, Metabolic and Endocrine Systems","소화, 대사 및 내분비계 관련 구조",17,35,s517,,,,,Not Started,,,,,High,
body_structures,Body Structures,s5,"Structures Related to the Digestive, Metabolic and Endocrine Systems","소화, 대사 및 내분비계 관련 구조",18,35,s518,,,,,Not Started,,,,,High,
body_structures,Body Structures,s5,"Structures Related to the Digestive, Metabolic and Endocrine Systems","소화, 대사 및 내분비계 관련 구조",19,35,s519,,,,,Not Started,,,,,High,
body_structures,Body Structures,s5,"Structures Related to the Digestive, Metabolic and Endocrine Systems","소화, 대사 및 내분비계 관련 구조",20,35,s520,,,,,Not Started,,,,,High,
body_structures,Body Structures,s5,"Structures Related to the Digestive, Metabolic and Endocrine Systems","소화, 대사 및 내분비계 관련 구조",21,35,s521,,,,,Not Started,,,,,High,
body_structures,Body Structures,s5,"Structures Related to the Digestive, Metabolic and Endocrine Systems","소화, 대사 및 내분비계 관련 구조",22,35,s522,,,,,Not Started,,,,,High,
body_structures,Body Structures,s5,"Structures Related to the Digestive, Metabolic and Endocrine Systems","소화, 대사 및 내분비계 관련 구조",23,35,s523,,,,,Not Started,,,,,High,
body_structures,Body Structures,s5,"Structures Related to the Digestive, Metabolic and Endocrine Systems","소화, 대사 및 내분비계 관련 구조",24,35,s524,,,,,Not Started,,,,,High,
body_structures,Body Structures,s5,"Structures Related to the Digestive, Metabolic and Endocrine Systems","소화, 대사 및 내분비계 관련 구조",25,35,s525,,,,,Not Started,,,,,High,
body_structures,Body Structures,s5,"Structures Related to the Digestive, Metabolic and Endocrine Systems","소화, 대사 및 내분비계 관련 구조",26,35,s526,,,,,Not Started,,,,,High,
body_structures,Body Structures,s5,"Structures Related to the Digestive, Metabolic and Endocrine Systems","소화, 대사 및 내분비계 관련 구조",27,35,s527,,,,,Not Started,,,,,High,
body_structures,Body Structures,s5,"Structures Related to the Digestive, Metabolic and Endocrine Systems","소화, 대사 및 내분비계 관련 구조",28,35,s528,,,,,Not Started,,,,,High,
body_structures,Body Structures,s5,"Structures Related to the Digestive, Metabolic and Endocrine Systems","소화, 대사 및 내분비계 관련 구조",29,35,s529,,,,,Not Started,,,,,High,
body_structures,Body Structures,s5,"Structures Related to the Digestive, Metabolic and Endocrine Systems","소화, 대사 및 내분비계 관련 구조",30,35,s530,,,,,Not Started,,,,,High,
body_structures,Body Structures,s5,"Structures Related to the Digestive, Metabolic and Endocrine Systems","소화, 대사 및 내분비계 관련 구조",31,35,s531,,,,,Not Started,,,,,High,
body_structures,Body Structures,s5,"Structures Related to the Digestive, Metabolic and Endocrine Systems","소화, 대사 및 내분비계 관련 구조",32,35,s532,,,,,Not Started,,,,,High,
body_structures,Body Structures,s5,"Structures Related to the Digestive, Metabolic and Endocrine Systems","소화, 대사 및 내분비계 관련 구조",33,35,s533,,,,,Not Started,,,,,High,
body_structures,Body Structures,s5,"Structures Related to the Digestive, Metabolic and Endocrine Systems","소화, 대사 및 내분비계 관련 구조",34,35,s534,,,,,Not Started,,,,,High,
body_structures,Body Structures,s5,"Structures Related to the Digestive, Metabolic and Endocrine Systems","소화, 대사 및 내분비계 관련 구조",35,35,s535,,,,,Not Started,,,,,High,
body_structures,Body Structures,s6,Structure Related to Genitourinary and Reproductive Systems,비뇨생식계 관련 구조,1,25,s601,,,,,Not Started,,,,,High,
body_structures,Body Structures,s6,Structure Related to Genitourinary and Reproductive Systems,비뇨생식계 관련 구조,2,25,s602,,,,,Not Started,,,,,High,
body_structures,Body Structures,s6,Structure Related to Genitourinary and Reproductive Systems,비뇨생식계 관련 구조,3,25,s603,,,,,Not Started,,,,,High,
body_structures,Body Structures,s6,Structure Related to Genitourinary and Reproductive Systems,비뇨생식계 관련 구조,4,25,s604,,,,,Not Started,,,,,High,
body_structures,Body Structures,s6,Structure Related to Genitourinary and Reproductive Systems,비뇨생식계 관련 구조,5,25,s605,,,,,Not Started,,,,,High,
body_structures,Body Structures,s6,Structure Related to Genitourinary and Reproductive Systems,비뇨생식계 관련 구조,6,25,s606,,,,,Not Started,,,,,High,
body_structures,Body Structures,s6,Structure Related to Genitourinary and Reproductive Systems,비뇨생식계 관련 구조,7,25,s607,,,,,Not Started,,,,,High,
body_structures,Body Structures,s6,Structure Related to Genitourinary and Reproductive Systems,비뇨생식계 관련 구조,8,25,s608,,,,,Not Started,,,,,High,
body_structures,Body Structures,s6,Structure Related to Genitourinary and Reproductive Systems,비뇨생식계 관련 구조,9,25,s609,,,,,Not Started,,,,,High,
body_structures,Body Structures,s6,Structure Related to Genitourinary and Reproductive Systems,비뇨생식계 관련 구조,10,25,s610,,,,,Not Started,,,,,High,
body_structures,Body Structures,s6,Structure Related to Genitourinary and Reproductive Systems,비뇨생식계 관련 구조,11,25,s611,,,,,Not Started,,,,,High,
body_structures,Body Structures,s6,Structure Related to Genitourinary and Reproductive Systems,비뇨생식계 관련 구조,12,25,s612,,,,,Not Started,,,,,High,
body_structures,Body Structures,s6,Structure Related to Genitourinary and Reproductive Systems,비뇨생식계 관련 구조,13,25,s613,,,,,Not Started,,,,,High,
body_structures,Body Structures,s6,Structure Related to Genitourinary and Reproductive Systems,비뇨생식계 관련 구조,14,25,s614,,,,,Not Started,,,,,High,
body_structures,Body Structures,s6,Structure Related to Genitourinary and Reproductive Systems,비뇨생식계 관련 구조,15,25,s615,,,,,Not Started,,,,,High,
body_structures,Body Structures,s6,Structure Related to Genitourinary and Reproductive Systems,비뇨생식계 관련 구조,16,25,s616,,,,,Not Started,,,,,High,
body_structures,Body Structures,s6,Structure Related to Genitourinary and Reproductive Systems,비뇨생식계 관련 구조,17,25,s617,,,,,Not Started,,,,,High,
body_structures,Body Structures,s6,Structure Related to Genitourinary and Reproductive Systems,비뇨생식계 관련 구조,18,25,s618,,,,,Not Started,,,,,High,
body_structures,Body Structures,s6,Structure Related to Genitourinary and Reproductive Systems,비뇨생식계 관련 구조,19,25,s619,,,,,Not Started,,,,,High,
body_structures,Body Structures,s6,Structure Related to Genitourinary and Reproductive Systems,비뇨생식계 관련 구조,20,25,s620,,,,,Not Started,,,,,High,
body_structures,Body Structures,s6,Structure Related to Genitourinary and Reproductive Systems,비뇨생식계 관련 구조,21,25,s621,,,,,Not Started,,,,,High,
body_structures,Body Structures,s6,Structure Related to Genitourinary and Reproductive Systems,비뇨생식계 관련 구조,22,25,s622,,,,,Not Started,,,,,High,
body_structures,Body Structures,s6,Structure Related to Genitourinary and Reproductive Systems,비뇨생식계 관련 구조,23,25,s623,,,,,Not Started,,,,,High,
body_structures,Body Structures,s6,Structure Related to Genitourinary and Reproductive Systems,비뇨생식계 관련 구조,24,25,s624,,,,,Not Started,,,,,High,
body_structures,Body Structures,s6,Structure Related to Genitourinary and Reproductive Systems,비뇨생식계 관련 구조,25,25,s625,,,,,Not Started,,,,,High,
body_structures,Body Structures,s7,Structure Related to Movement,이동 관련 구조,1,70,s701,,,,,Not Started,,,,,High,
body_structures,Body Structures,s7,Structure Related to Movement,이동 관련 구조,2,70,s702,,,,,Not Started,,,,,High,
body_structures,Body Structures,s7,Structure Related to Movement,이동 관련 구조,3,70,s703,,,,,Not Started,,,,,High,
body_structures,Body Structures,s7,Structure Related to Movement,이동 관련 구조,4,70,s704,,,,,Not Started,,,,,High,
body_structures,Body Structures,s7,Structure Related to Movement,이동 관련 구조,5,70,s705,,,,,Not Started,,,,,High,
body_structures,Body Structures,s7,Structure Related to Movement,이동 관련 구조,6,70,s706,,,,,Not Started,,,,,High,
body_structures,Body Structures,s7,Structure Related to Movement,이동 관련 구조,7,70,s707,,,,,Not Started,,,,,High,
body_structures,Body Structures,s7,Structure Related to Movement,이동 관련 구조,8,70,s708,,,,,Not Started,,,,,High,
body_structures,Body Structures,s7,Structure Related to Movement,이동 관련 구조,9,70,s709,,,,,Not Started,,,,,High,
body_structures,Body Structures,s7,Structure Related to Movement,이동 관련 구조,10,70,s710,,,,,Not Started,,,,,High,
body_structures,Body Structures,s7,Structure Related to Movement,이동 관련 구조,11,70,s711,,,,,Not Started,,,,,High,
body_structures,Body Structures,s7,Structure Related to Movement,이동 관련 구조,12,70,s712,,,,,Not Started,,,,,High,
body_structures,Body Structures,s7,Structure Related to Movement,이동 관련 구조,13,70,s713,,,,,Not Started,,,,,High,
body_structures,Body Structures,s7,Structure Related to Movement,이동 관련 구조,14,70,s714,,,,,Not Started,,,,,High,
body_structures,Body Structures,s7,Structure Related to Movement,이동 관련 구조,15,70,s715,,,,,Not Started,,,,,High,
body_structures,Body Structures,s7,Structure Related to Movement,이동 관련 구조,16,70,s716,,,,,Not Started,,,,,High,
body_structures,Body Structures,s7,Structure Related to Movement,이동 관련 구조,17,70,s717,,,,,Not Started,,,,,High,
body_structures,Body Structures,s7,Structure Related to Movement,이동 관련 구조,18,70,s718,,,,,Not Started,,,,,High,
body_structures,Body Structures,s7,Structure Related to Movement,이동 관련 구조,19,70,s719,,,,,Not Started,,,,,High,
body_structures,Body Structures,s7,Structure Related to Movement,이동 관련 구조,20,70,s720,,,,,Not Started,,,,,High,
body_structures,Body Structures,s7,Structure Related to Movement,이동 관련 구조,21,70,s721,,,,,Not Started,,,,,High,
body_structures,Body Structures,s7,Structure Related to Movement,이동 관련 구조,22,70,s722,,,,,Not Started,,,,,High,
body_structures,Body Structures,s7,Structure Related to Movement,이동 관련 구조,23,70,s723,,,,,Not Started,,,,,High,
body_structures,Body Structures,s7,Structure Related to Movement,이동 관련 구조,24,70,s724,,,,,Not Started,,,,,High,
body_structures,Body Structures,s7,Structure Related to Movement,이동 관련 구조,25,70,s725,,,,,Not Started,,,,,High,
body_structures,Body Structures,s7,Structure Related to Movement,이동 관련 구조,26,70,s726,,,,,Not Started,,,,,High,
body_structures,Body Structures,s7,Structure Related to Movement,이동 관련 구조,27,70,s727,,,,,Not Started,,,,,High,
body_structures,Body Structures,s7,Structure Related to Movement,이동 관련 구조,28,70,s728,,,,,Not Started,,,,,High,
body_structures,Body Structures,s7,Structure Related to Movement,이동 관련 구조,29,70,s729,,,,,Not Started,,,,,High,
body_structures,Body Structures,s7,Structure Related to Movement,이동 관련 구조,30,70,s730,,,,,Not Started,,,,,High,
body_structures,Body Structures,s7,Structure Related to Movement,이동 관련 구조,31,70,s731,,,,,Not Started,,,,,High,
body_structures,Body Structures,s7,Structure Related to Movement,이동 관련 구조,32,70,s732,,,,,Not Started,,,,,High,
body_structures,Body Structures,s7,Structure Related to Movement,이동 관련 구조,33,70,s733,,,,,Not Started,,,,,High,
body_structures,Body Structures,s7,Structure Related to Movement,이동 관련 구조,34,70,s734,,,,,Not Started,,,,,High,
body_structures,Body Structures,s7,Structure Related to Movement,이동 관련 구조,35,70,s735,,,,,Not Started,,,,,High,
body_structures,Body Structures,s7,Structure Related to Movement,이동 관련 구조,36,70,s736,,,,,Not Started,,,,,High,
body_structures,Body Structures,s7,Structure Related to Movement,이동 관련 구조,37,70,s737,,,,,Not Started,,,,,High,
body_structures,Body Structures,s7,Structure Related to Movement,이동 관련 구조,38,70,s738,,,,,Not Started,,,,,High,
body_structures,Body Structures,s7,Structure Related to Movement,이동 관련 구조,39,70,s739,,,,,Not Started,,,,,High,
body_structures,Body Structures,s7,Structure Related to Movement,이동 관련 구조,40,70,s740,,,,,Not Started,,,,,High,
body_structures,Body Structures,s7,Structure Related to Movement,이동 관련 구조,41,70,s741,,,,,Not Started,,,,,High,
body_structures,Body Structures,s7,Structure Related to Movement,이동 관련 구조,42,70,s742,,,,,Not Started,,,,,High,
body_structures,Body Structures,s7,Structure Related to Movement,이동 관련 구조,43,70,s743,,,,,Not Started,,,,,High,
body_structures,Body Structures,s7,Structure Related to Movement,이동 관련 구조,44,70,s744,,,,,Not Started,,,,,High,
body_structures,Body Structures,s7,Structure Related to Movement,이동 관련 구조,45,70,s745,,,,,Not Started,,,,,High,
body_structures,Body Structures,s7,Structure Related to Movement,이동 관련 구조,46,70,s746,,,,,Not Started,,,,,High,
body_structures,Body Structures,s7,Structure Related to Movement,이동 관련 구조,47,70,s747,,,,,Not Started,,,,,High,
body_structures,Body Structures,s7,Structure Related to Movement,이동 관련 구조,48,70,s748,,,,,Not Started,,,,,High,
body_structures,Body Structures,s7,Structure Related to Movement,이동 관련 구조,49,70,s749,,,,,Not Started,,,,,High,
body_structures,Body Structures,s7,Structure Related to Movement,이동 관련 구조,50,70,s750,,,,,Not Started,,,,,High,
body_structures,Body Structures,s7,Structure Related to Movement,이동 관련 구조,51,70,s751,,,,,Not Started,,,,,High,
body_structures,Body Structures,s7,Structure Related to Movement,이동 관련 구조,52,70,s752,,,,,Not Started,,,,,High,
body_structures,Body Structures,s7,Structure Related to Movement,이동 관련 구조,53,70,s753,,,,,Not Started,,,,,High,
body_structures,Body Structures,s7,Structure Related to Movement,이동 관련 구조,54,70,s754,,,,,Not Started,,,,,High,
body_structures,Body Structures,s7,Structure Related to Movement,이동 관련 구조,55,70,s755,,,,,Not Started,,,,,High,
body_structures,Body Structures,s7,Structure Related to Movement,이동 관련 구조,56,70,s756,,,,,Not Started,,,,,High,
body_structures,Body Structures,s7,Structure Related to Movement,이동 관련 구조,57,70,s757,,,,,Not Started,,,,,High,
body_structures,Body Structures,s7,Structure Related to Movement,이동 관련 구조,58,70,s758,,,,,Not Started,,,,,High,
body_structures,Body Structures,s7,Structure Related to Movement,이동 관련 구조,59,70,s759,,,,,Not Started,,,,,High,
body_structures,Body Structures,s7,Structure Related to Movement,이동 관련 구조,60,70,s760,,,,,Not Started,,,,,High,
body_structures,Body Structures,s7,Structure Related to Movement,이동 관련 구조,61,70,s761,,,,,Not Started,,,,,High,
body_structures,Body Structures,s7,Structure Related to Movement,이동 관련 구조,62,70,s762,,,,,Not Started,,,,,High,
body_structures,Body Structures,s7,Structure Related to Movement,이동 관련 구조,63,70,s763,,,,,Not Started,,,,,High,
body_structures,Body Structures,s7,Structure Related to Movement,이동 관련 구조,64,70,s764,,,,,Not Started,,,,,High,
body_structures,Body Structures,s7,Structure Related to Movement,이동 관련 구조,65,70,s765,,,,,Not Started,,,,,High,
body_structures,Body Structures,s7,Structure Related to Movement,이동 관련 구조,66,70,s766,,,,,Not Started,,,,,High,
body_structures,Body Structures,s7,Structure Related to Movement,이동 관련 구조,67,70,s767,,,,,Not Started,,,,,High,
body_structures,Body Structures,s7,Structure Related to Movement,이동 관련 구조,68,70,s768,,,,,Not Started,,,,,High,
body_structures,Body Structures,s7,Structure Related to Movement,이동 관련 구조,69,70,s769,,,,,Not Started,,,,,High,
body_structures,Body Structures,s7,Structure Related to Movement,이동 관련 구조,70,70,s770,,,,,Not Started,,,,,High,
body_structures,Body Structures,s8,Skin and Related Structures,피부 및 관련 구조,1,10,s801,,,,,Not Started,,,,,High,
body_structures,Body Structures,s8,Skin and Related Structures,피부 및 관련 구조,2,10,s802,,,,,Not Started,,,,,High,
body_structures,Body Structures,s8,Skin and Related Structures,피부 및 관련 구조,3,10,s803,,,,,Not Started,,,,,High,
body_structures,Body Structures,s8,Skin and Related Structures,피부 및 관련 구조,4,10,s804,,,,,Not Started,,,,,High,
body_structures,Body Structures,s8,Skin and Related Structures,피부 및 관련 구조,5,10,s805,,,,,Not Started,,,,,High,
body_structures,Body Structures,s8,Skin and Related Structures,피부 및 관련 구조,6,10,s806,,,,,Not Started,,,,,High,
body_structures,Body Structures,s8,Skin and Related Structures,피부 및 관련 구조,7,10,s807,,,,,Not Started,,,,,High,
body_structures,Body Structures,s8,Skin and Related Structures,피부 및 관련 구조,8,10,s808,,,,,Not Started,,,,,High,
body_structures,Body Structures,s8,Skin and Related Structures,피부 및 관련 구조,9,10,s809,,,,,Not Started,,,,,High,
body_structures,Body Structures,s8,Skin and Related Structures,피부 및 관련 구조,10,10,s810,,,,,Not Started,,,,,High,
activities_participation,Activities Participation,d1,Learning and Applying Knowledge,학습 및 지식 적용,1,32,d101,,,,,Not Started,,,,,High,
activities_participation,Activities Participation,d1,Learning and Applying Knowledge,학습 및 지식 적용,2,32,d102,,,,,Not Started,,,,,High,
activities_participation,Activities Participation,d1,Learning and Applying Knowledge,학습 및 지식 적용,3,32,d103,,,,,Not Started,,,,,High,
activities_participation,Activities Participation,d1,Learning and Applying Knowledge,학습 및 지식 적용,4,32,d104,,,,,Not Started,,,,,High,
activities_participation,Activities Participation,d1,Learning and Applying Knowledge,학습 및 지식 적용,5,32,d105,,,,,Not Started,,,,,High,
activities_participation,Activities Participation,d1,Learning and Applying Knowledge,학습 및 지식 적용,6,32,d106,,,,,Not Started,,,,,High,
activities_participation,Activities Participation,d1,Learning and Applying Knowledge,학습 및 지식 적용,7,32,d107,,,,,Not Started,,,,,High,
activities_participation,Activities Participation,d1,Learning and Applying Knowledge,학습 및 지식 적용,8,32,d108,,,,,Not Started,,,,,High,
activities_participation,Activities Participation,d1,Learning and Applying Knowledge,학습 및 지식 적용,9,32,d109,,,,,Not Started,,,,,High,
activities_participation,Activities Participation,d1,Learning and Applying Knowledge,학습 및 지식 적용,10,32,d110,,,,,Not Started,,,,,High,
activities_participation,Activities Participation,d1,Learning and Applying Knowledge,학습 및 지식 적용,11,32,d111,,,,,Not Started,,,,,High,
activities_participation,Activities Participation,d1,Learning and Applying Knowledge,학습 및 지식 적용,12,32,d112,,,,,Not Started,,,,,High,
activities_participation,Activities Participation,d1,Learning and Applying Knowledge,학습 및 지식 적용,13,32,d113,,,,,Not Started,,,,,High,
activities_participation,Activities Participation,d1,Learning and Applying Knowledge,학습 및 지식 적용,14,32,d114,,,,,Not Started,,,,,High,
activities_participation,Activities Participation,d1,Learning and Applying Knowledge,학습 및 지식 적용,15,32,d115,,,,,Not Started,,,,,High,
activities_participation,Activities Participation,d1,Learning and Applying Knowledge,학습 및 지식 적용,16,32,d116,,,,,Not Started,,,,,High,
activities_participation,Activities Participation,d1,Learning and Applying Knowledge,학습 및 지식 적용,17,32,d117,,,,,Not Started,,,,,High,
activities_participation,Activities Participation,d1,Learning and Applying Knowledge,학습 및 지식 적용,18,32,d118,,,,,Not Started,,,,,High,
activities_participation,Activities Participation,d1,Learning and Applying Knowledge,학습 및 지식 적용,19,32,d119,,,,,Not Started,,,,,High,
activities_participation,Activities Participation,d1,Learning and Applying Knowledge,학습 및 지식 적용,20,32,d120,,,,,Not Started,,,,,High,
activities_participation,Activities Participation,d1,Learning and Applying Knowledge,학습 및 지식 적용,21,32,d121,,,,,Not Started,,,,,High,
activities_participation,Activities Participation,d1,Learning and Applying Knowledge,학습 및 지식 적용,22,32,d122,,,,,Not Started,,,,,High,
activities_participation,Activities Participation,d1,Learning and Applying Knowledge,학습 및 지식 적용,23,32,d123,,,,,Not Started,,,,,High,
activities_participation,Activities Participation,d1,Learning and Applying Knowledge,학습 및 지식 적용,24,32,d124,,,,,Not Started,,,,,High,
activities_participation,Activities Participation,d1,Learning and Applying Knowledge,학습 및 지식 적용,25,32,d125,,,,,Not Started,,,,,High,
activities_participation,Activities Participation,d1,Learning and Applying Knowledge,학습 및 지식 적용,26,32,d126,,,,,Not Started,,,,,High,
activities_participation,Activities Participation,d1,Learning and Applying Knowledge,학습 및 지식 적용,27,32,d127,,,,,Not Started,,,,,High,
activities_participation,Activities Participation,d1,Learning and Applying Knowledge,학습 및 지식 적용,28,32,d128,,,,,Not Started,,,,,High,
activities_participation,Activities Participation,d1,Learning and Applying Knowledge,학습 및 지식 적용,29,32,d129,,,,,Not Started,,,,,High,
activities_participation,Activities Participation,d1,Learning and Applying Knowledge,학습 및 지식 적용,30,32,d130,,,,,Not Started,,,,,High,
activities_participation,Activities Participation,d1,Learning and Applying Knowledge,학습 및 지식 적용,31,32,d131,,,,,Not Started,,,,,High,
activities_participation,Activities Participation,d1,Learning and Applying Knowledge,학습 및 지식 적용,32,32,d132,,,,,Not Started,,,,,High,
activities_participation,Activities Participation,d2,General Tasks and Demands,일반적 과제 및 요구,1,12,d201,,,,,Not Started,,,,,High,
activities_participation,Activities Participation,d2,General Tasks and Demands,일반적 과제 및 요구,2,12,d202,,,,,Not Started,,,,,High,
activities_participation,Activities Participation,d2,General Tasks and Demands,일반적 과제 및 요구,3,12,d203,,,,,Not Started,,,,,High,
activities_participation,Activities Participation,d2,General Tasks and Demands,일반적 과제 및 요구,4,12,d204,,,,,Not Started,,,,,High,
activities_participation,Activities Participation,d2,General Tasks and Demands,일반적 과제 및 요구,5,12,d205,,,,,Not Started,,,,,High,
activities_participation,Activities Participation,d2,General Tasks and Demands,일반적 과제 및 요구,6,12,d206,,,,,Not Started,,,,,High,
activities_participation,Activities Participation,d2,General Tasks and Demands,일반적 과제 및 요구,7,12,d207,,,,,Not Started,,,,,High,
activities_participation,Activities Participation,d2,General Tasks and Demands,일반적 과제 및 요구,8,12,d208,,,,,Not Started,,,,,High,
activities_participation,Activities Participation,d2,General Tasks and Demands,일반적 과제 및 요구,9,12,d209,,,,,Not Started,,,,,High,
activities_participation,Activities Participation,d2,General Tasks and Demands,일반적 과제 및 요구,10,12,d210,,,,,Not Started,,,,,High,
activities_participation,Activities Participation,d2,General Tasks and Demands,일반적 과제 및 요구,11,12,d211,,,,,Not Started,,,,,High,
activities_participation,Activities Participation,d2,General Tasks and Demands,일반적 과제 및 요구,12,12,d212,,,,,Not Started,,,,,High,
activities_participation,Activities Participation,d3,Communication,의사소통,1,25,d301,,,,,Not Started,,,,,High,
activities_participation,Activities Participation,d3,Communication,의사소통,2,25,d302,,,,,Not Started,,,,,High,
activities_participation,Activities Participation,d3,Communication,의사소통,3,25,d303,,,,,Not Started,,,,,High,
activities_participation,Activities Participation,d3,Communication,의사소통,4,25,d304,,,,,Not Started,,,,,High,
activities_participation,Activities Participation,d3,Communication,의사소통,5,25,d305,,,,,Not Started,,,,,High,
activities_participation,Activities Participation,d3,Communication,의사소통,6,25,d306,,,,,Not Started,,,,,High,
activities_participation,Activities Participation,d3,Communication,의사소통,7,25,d307,,,,,Not Started,,,,,High,
activities_participation,Activities Participation,d3,Communication,의사소통,8,25,d308,,,,,Not Started,,,,,High,
activities_participation,Activities Participation,d3,Communication,의사소통,9,25,d309,,,,,Not Started,,,,,High,
activities_participation,Activities Participation,d3,Communication,의사소통,10,25,d310,,,,,Not Started,,,,,High,
activities_participation,Activities Participation,d3,Communication,의사소통,11,25,d311,,,,,Not Started,,,,,High,
activities_participation,Activities Participation,d3,Communication,의사소통,12,25,d312,,,,,Not Started,,,,,High,
activities_participation,Activities Participation,d3,Communication,의사소통,13,25,d313,,,,,Not Started,,,,,High,
activities_participation,Activities Participation,d3,Communication,의사소통,14,25,d314,,,,,Not Started,,,,,High,
activities_participation,Activities Participation,d3,Communication,의사소통,15,25,d315,,,,,Not Started,,,,,High,
activities_participation,Activities Participation,d3,Communication,의사소통,16,25,d316,,,,,Not Started,,,,,High,
activities_participation,Activities Participation,d3,Communication,의사소통,17,25,d317,,,,,Not Started,,,,,High,
activities_participation,Activities Participation,d3,Communication,의사소통,18,25,d318,,,,,Not Started,,,,,High,
activities_participation,Activities Participation,d3,Communication,의사소통,19,25,d319,,,,,Not Started,,,,,High,
activities_participation,Activities Participation,d3,Communication,의사소통,20,25,d320,,,,,Not Started,,,,,High,
activities_participation,Activities Participation,d3,Communication,의사소통,21,25,d321,,,,,Not Started,,,,,High,
activities_participation,Activities Participation,d3,Communication,의사소통,22,25,d322,,,,,Not Started,,,,,High,
activities_participation,Activities Participation,d3,Communication,의사소통,23,25,d323,,,,,Not Started,,,,,High,
activities_participation,Activities Participation,d3,Communication,의사소통,24,25,d324,,,,,Not Started,,,,,High,
activities_participation,Activities Participation,d3,Communication,의사소통,25,25,d325,,,,,Not Started,,,,,High,
activities_participation,Activities Participation,d4,Mobility,이동,1,35,d401,,,,,Not Started,,,,,High,
activities_participation,Activities Participation,d4,Mobility,이동,2,35,d402,,,,,Not Started,,,,,High,
activities_participation,Activities Participation,d4,Mobility,이동,3,35,d403,,,,,Not Started,,,,,High,
activities_participation,Activities Participation,d4,Mobility,이동,4,35,d404,,,,,Not Started,,,,,High,
activities_participation,Activities Participation,d4,Mobility,이동,5,35,d405,,,,,Not Started,,,,,High,
activities_participation,Activities Participation,d4,Mobility,이동,6,35,d406,,,,,Not Started,,,,,High,
activities_participation,Activities Participation,d4,Mobility,이동,7,35,d407,,,,,Not Started,,,,,High,
activities_participation,Activities Participation,d4,Mobility,이동,8,35,d408,,,,,Not Started,,,,,High,
activities_participation,Activities Participation,d4,Mobility,이동,9,35,d409,,,,,Not Started,,,,,High,
activities_participation,Activities Participation,d4,Mobility,이동,10,35,d410,,,,,Not Started,,,,,High,
activities_participation,Activities Participation,d4,Mobility,이동,11,35,d411,,,,,Not Started,,,,,High,
activities_participation,Activities Participation,d4,Mobility,이동,12,35,d412,,,,,Not Started,,,,,High,
activities_participation,Activities Participation,d4,Mobility,이동,13,35,d413,,,,,Not Started,,,,,High,
activities_participation,Activities Participation,d4,Mobility,이동,14,35,d414,,,,,Not Started,,,,,High,
activities_participation,Activities Participation,d4,Mobility,이동,15,35,d415,,,,,Not Started,,,,,High,
activities_participation,Activities Participation,d4,Mobility,이동,16,35,d416,,,,,Not Started,,,,,High,
activities_participation,Activities Participation,d4,Mobility,이동,17,35,d417,,,,,Not Started,,,,,High,
activities_participation,Activities Participation,d4,Mobility,이동,18,35,d418,,,,,Not Started,,,,,High,
activities_participation,Activities Participation,d4,Mobility,이동,19,35,d419,,,,,Not Started,,,,,High,
activities_participation,Activities Participation,d4,Mobility,이동,20,35,d420,,,,,Not Started,,,,,High,
activities_participation,Activities Participation,d4,Mobility,이동,21,35,d421,,,,,Not Started,,,,,High,
activities_participation,Activities Participation,d4,Mobility,이동,22,35,d422,,,,,Not Started,,,,,High,
activities_participation,Activities Participation,d4,Mobility,이동,23,35,d423,,,,,Not Started,,,,,High,
activities_participation,Activities Participation,d4,Mobility,이동,24,35,d424,,,,,Not Started,,,,,High,
activities_participation,Activities Participation,d4,Mobility,이동,25,35,d425,,,,,Not Started,,,,,High,
activities_participation,Activities Participation,d4,Mobility,이동,26,35,d426,,,,,Not Started,,,,,High,
activities_participation,Activities Participation,d4,Mobility,이동,27,35,d427,,,,,Not Started,,,,,High,
activities_participation,Activities Participation,d4,Mobility,이동,28,35,d428,,,,,Not Started,,,,,High,
activities_participation,Activities Participation,d4,Mobility,이동,29,35,d429,,,,,Not Started,,,,,High,
activities_participation,Activities Participation,d4,Mobility,이동,30,35,d430,,,,,Not Started,,,,,High,
activities_participation,Activities Participation,d4,Mobility,이동,31,35,d431,,,,,Not Started,,,,,High,
activities_participation,Activities Participation,d4,Mobility,이동,32,35,d432,,,,,Not Started,,,,,High,
activities_participation,Activities Participation,d4,Mobility,이동,33,35,d433,,,,,Not Started,,,,,High,
activities_participation,Activities Participation,d4,Mobility,이동,34,35,d434,,,,,Not Started,,,,,High,
activities_participation,Activities Participation,d4,Mobility,이동,35,35,d435,,,,,Not Started,,,,,High,
activities_participation,Activities Participation,d5,Self Care,자가 관리,1,25,d501,,,,,Not Started,,,,,High,
activities_participation,Activities Participation,d5,Self Care,자가 관리,2,25,d502,,,,,Not Started,,,,,High,
activities_participation,Activities Participation,d5,Self Care,자가 관리,3,25,d503,,,,,Not Started,,,,,High,
activities_participation,Activities Participation,d5,Self Care,자가 관리,4,25,d504,,,,,Not Started,,,,,High,
activities_participation,Activities Participation,d5,Self Care,자가 관리,5,25,d505,,,,,Not Started,,,,,High,
activities_participation,Activities Participation,d5,Self Care,자가 관리,6,25,d506,,,,,Not Started,,,,,High,
activities_participation,Activities Participation,d5,Self Care,자가 관리,7,25,d507,,,,,Not Started,,,,,High,
activities_participation,Activities Participation,d5,Self Care,자가 관리,8,25,d508,,,,,Not Started,,,,,High,
activities_participation,Activities Participation,d5,Self Care,자가 관리,9,25,d509,,,,,Not Started,,,,,High,
activities_participation,Activities Participation,d5,Self Care,자가 관리,10,25,d510,,,,,Not Started,,,,,High,
activities_participation,Activities Participation,d5,Self Care,자가 관리,11,25,d511,,,,,Not Started,,,,,High,
activities_participation,Activities Participation,d5,Self Care,자가 관리,12,25,d512,,,,,Not Started,,,,,High,
activities_participation,Activities Participation,d5,Self Care,자가 관리,13,25,d513,,,,,Not Started,,,,,High,
activities_participation,Activities Participation,d5,Self Care,자가 관리,14,25,d514,,,,,Not Started,,,,,High,
activities_participation,Activities Participation,d5,Self Care,자가 관리,15,25,d515,,,,,Not Started,,,,,High,
activities_participation,Activities Participation,d5,Self Care,자가 관리,16,25,d516,,,,,Not Started,,,,,High,
activities_participation,Activities Participation,d5,Self Care,자가 관리,17,25,d517,,,,,Not Started,,,,,High,
activities_participation,Activities Participation,d5,Self Care,자가 관리,18,25,d518,,,,,Not Started,,,,,High,
activities_participation,Activities Participation,d5,Self Care,자가 관리,19,25,d519,,,,,Not Started,,,,,High,
activities_participation,Activities Participation,d5,Self Care,자가 관리,20,25,d520,,,,,Not Started,,,,,High,
activities_participation,Activities Participation,d5,Self Care,자가 관리,21,25,d521,,,,,Not Started,,,,,High,
activities_participation,Activities Participation,d5,Self Care,자가 관리,22,25,d522,,,,,Not Started,,,,,High,
activities_participation,Activities Participation,d5,Self Care,자가 관리,23,25,d523,,,,,Not Started,,,,,High,
activities_participation,Activities Participation,d5,Self Care,자가 관리,24,25,d524,,,,,Not Started,,,,,High,
activities_participation,Activities Participation,d5,Self Care,자가 관리,25,25,d525,,,,,Not Started,,,,,High,
activities_participation,Activities Participation,d6,Domestic Life,가정생활,1,28,d601,,,,,Not Started,,,,,High,
activities_participation,Activities Participation,d6,Domestic Life,가정생활,2,28,d602,,,,,Not Started,,,,,High,
activities_participation,Activities Participation,d6,Domestic Life,가정생활,3,28,d603,,,,,Not Started,,,,,High,
activities_participation,Activities Participation,d6,Domestic Life,가정생활,4,28,d604,,,,,Not Started,,,,,High,
activities_participation,Activities Participation,d6,Domestic Life,가정생활,5,28,d605,,,,,Not Started,,,,,High,
activities_participation,Activities Participation,d6,Domestic Life,가정생활,6,28,d606,,,,,Not Started,,,,,High,
activities_participation,Activities Participation,d6,Domestic Life,가정생활,7,28,d607,,,,,Not Started,,,,,High,
activities_participation,Activities Participation,d6,Domestic Life,가정생활,8,28,d608,,,,,Not Started,,,,,High,
activities_participation,Activities Participation,d6,Domestic Life,가정생활,9,28,d609,,,,,Not Started,,,,,High,
activities_participation,Activities Participation,d6,Domestic Life,가정생활,10,28,d610,,,,,Not Started,,,,,High,
activities_participation,Activities Participation,d6,Domestic Life,가정생활,11,28,d611,,,,,Not Started,,,,,High,
activities_participation,Activities Participation,d6,Domestic Life,가정생활,12,28,d612,,,,,Not Started,,,,,High,
activities_participation,Activities Participation,d6,Domestic Life,가정생활,13,28,d613,,,,,Not Started,,,,,High,
activities_participation,Activities Participation,d6,Domestic Life,가정생활,14,28,d614,,,,,Not Started,,,,,High,
activities_participation,Activities Participation,d6,Domestic Life,가정생활,15,28,d615,,,,,Not Started,,,,,High,
activities_participation,Activities Participation,d6,Domestic Life,가정생활,16,28,d616,,,,,Not Started,,,,,High,
activities_participation,Activities Participation,d6,Domestic Life,가정생활,17,28,d617,,,,,Not Started,,,,,High,
activities_participation,Activities Participation,d6,Domestic Life,가정생활,18,28,d618,,,,,Not Started,,,,,High,
activities_participation,Activities Participation,d6,Domestic Life,가정생활,19,28,d619,,,,,Not Started,,,,,High,
activities_participation,Activities Participation,d6,Domestic Life,가정생활,20,28,d620,,,,,Not Started,,,,,High,
activities_participation,Activities Participation,d6,Domestic Life,가정생활,21,28,d621,,,,,Not Started,,,,,High,
activities_participation,Activities Participation,d6,Domestic Life,가정생활,22,28,d622,,,,,Not Started,,,,,High,
activities_participation,Activities Participation,d6,Domestic Life,가정생활,23,28,d623,,,,,Not Started,,,,,High,
activities_participation,Activities Participation,d6,Domestic Life,가정생활,24,28,d624,,,,,Not Started,,,,,High,
activities_participation,Activities Participation,d6,Domestic Life,가정생활,25,28,d625,,,,,Not Started,,,,,High,
activities_participation,Activities Participation,d6,Domestic Life,가정생활,26,28,d626,,,,,Not Started,,,,,High,
activities_participation,Activities Participation,d6,Domestic Life,가정생활,27,28,d627,,,,,Not Started,,,,,High,
activities_participation,Activities Participation,d6,Domestic Life,가정생활,28,28,d628,,,,,Not Started,,,,,High,
activities_participation,Activities Participation,d7,Interpersonal Interactions and Relationships,대인 상호작용 및 관계,1,32,d701,,,,,Not Started,,,,,High,
activities_participation,Activities Participation,d7,Interpersonal Interactions and Relationships,대인 상호작용 및 관계,2,32,d702,,,,,Not Started,,,,,High,
activities_participation,Activities Participation,d7,Interpersonal Interactions and Relationships,대인 상호작용 및 관계,3,32,d703,,,,,Not Started,,,,,High,
activities_participation,Activities Participation,d7,Interpersonal Interactions and Relationships,대인 상호작용 및 관계,4,32,d704,,,,,Not Started,,,,,High,
activities_participation,Activities Participation,d7,Interpersonal Interactions and Relationships,대인 상호작용 및 관계,5,32,d705,,,,,Not Started,,,,,High,
activities_participation,Activities Participation,d7,Interpersonal Interactions and Relationships,대인 상호작용 및 관계,6,32,d706,,,,,Not Started,,,,,High,
activities_participation,Activities Participation,d7,Interpersonal Interactions and Relationships,대인 상호작용 및 관계,7,32,d707,,,,,Not Started,,,,,High,
activities_participation,Activities Participation,d7,Interpersonal Interactions and Relationships,대인 상호작용 및 관계,8,32,d708,,,,,Not Started,,,,,High,
activities_participation,Activities Participation,d7,Interpersonal Interactions and Relationships,대인 상호작용 및 관계,9,32,d709,,,,,Not Started,,,,,High,
activities_participation,Activities Participation,d7,Interpersonal Interactions and Relationships,대인 상호작용 및 관계,10,32,d710,,,,,Not Started,,,,,High,
activities_participation,Activities Participation,d7,Interpersonal Interactions and Relationships,대인 상호작용 및 관계,11,32,d711,,,,,Not Started,,,,,High,
activities_participation,Activities Participation,d7,Interpersonal Interactions and Relationships,대인 상호작용 및 관계,12,32,d712,,,,,Not Started,,,,,High,
activities_participation,Activities Participation,d7,Interpersonal Interactions and Relationships,대인 상호작용 및 관계,13,32,d713,,,,,Not Started,,,,,High,
activities_participation,Activities Participation,d7,Interpersonal Interactions and Relationships,대인 상호작용 및 관계,14,32,d714,,,,,Not Started,,,,,High,
activities_participation,Activities Participation,d7,Interpersonal Interactions and Relationships,대인 상호작용 및 관계,15,32,d715,,,,,Not Started,,,,,High,
activities_participation,Activities Participation,d7,Interpersonal Interactions and Relationships,대인 상호작용 및 관계,16,32,d716,,,,,Not Started,,,,,High,
activities_participation,Activities Participation,d7,Interpersonal Interactions and Relationships,대인 상호작용 및 관계,17,32,d717,,,,,Not Started,,,,,High,
activities_participation,Activities Participation,d7,Interpersonal Interactions and Relationships,대인 상호작용 및 관계,18,32,d718,,,,,Not Started,,,,,High,
activities_participation,Activities Participation,d7,Interpersonal Interactions and Relationships,대인 상호작용 및 관계,19,32,d719,,,,,Not Started,,,,,High,
activities_participation,Activities Participation,d7,Interpersonal Interactions and Relationships,대인 상호작용 및 관계,20,32,d720,,,,,Not Started,,,,,High,
activities_participation,Activities Participation,d7,Interpersonal Interactions and Relationships,대인 상호작용 및 관계,21,32,d721,,,,,Not Started,,,,,High,
activities_participation,Activities Participation,d7,Interpersonal Interactions and Relationships,대인 상호작용 및 관계,22,32,d722,,,,,Not Started,,,,,High,
activities_participation,Activities Participation,d7,Interpersonal Interactions and Relationships,대인 상호작용 및 관계,23,32,d723,,,,,Not Started,,,,,High,
activities_participation,Activities Participation,d7,Interpersonal Interactions and Relationships,대인 상호작용 및 관계,24,32,d724,,,,,Not Started,,,,,High,
activities_participation,Activities Participation,d7,Interpersonal Interactions and Relationships,대인 상호작용 및 관계,25,32,d725,,,,,Not Started,,,,,High,
activities_participation,Activities Participation,d7,Interpersonal Interactions and Relationships,대인 상호작용 및 관계,26,32,d726,,,,,Not Started,,,,,High,
activities_participation,Activities Participation,d7,Interpersonal Interactions and Relationships,대인 상호작용 및 관계,27,32,d727,,,,,Not Started,,,,,High,
activities_participation,Activities Participation,d7,Interpersonal Interactions and Relationships,대인 상호작용 및 관계,28,32,d728,,,,,Not Started,,,,,High,
activities_participation,Activities Participation,d7,Interpersonal Interactions and Relationships,대인 상호작용 및 관계,29,32,d729,,,,,Not Started,,,,,High,
activities_participation,Activities Participation,d7,Interpersonal Interactions and Relationships,대인 상호작용 및 관계,30,32,d730,,,,,Not Started,,,,,High,
activities_participation,Activities Participation,d7,Interpersonal Interactions and Relationships,대인 상호작용 및 관계,31,32,d731,,,,,Not Started,,,,,High,
activities_participation,Activities Participation,d7,Interpersonal Interactions and Relationships,대인 상호작용 및 관계,32,32,d732,,,,,Not Started,,,,,High,
activities_participation,Activities Participation,d8,Major Life Areas,인생의 주요 영역,1,50,d801,,,,,Not Started,,,,,High,
activities_participation,Activities Participation,d8,Major Life Areas,인생의 주요 영역,2,50,d802,,,,,Not Started,,,,,High,
activities_participation,Activities Participation,d8,Major Life Areas,인생의 주요 영역,3,50,d803,,,,,Not Started,,,,,High,
activities_participation,Activities Participation,d8,Major Life Areas,인생의 주요 영역,4,50,d804,,,,,Not Started,,,,,High,
activities_participation,Activities Participation,d8,Major Life Areas,인생의 주요 영역,5,50,d805,,,,,Not Started,,,,,High,
activities_participation,Activities Participation,d8,Major Life Areas,인생의 주요 영역,6,50,d806,,,,,Not Started,,,,,High,
activities_participation,Activities Participation,d8,Major Life Areas,인생의 주요 영역,7,50,d807,,,,,Not Started,,,,,High,
activities_participation,Activities Participation,d8,Major Life Areas,인생의 주요 영역,8,50,d808,,,,,Not Started,,,,,High,
activities_participation,Activities Participation,d8,Major Life Areas,인생의 주요 영역,9,50,d809,,,,,Not Started,,,,,High,
activities_participation,Activities Participation,d8,Major Life Areas,인생의 주요 영역,10,50,d810,,,,,Not Started,,,,,High,
activities_participation,Activities Participation,d8,Major Life Areas,인생의 주요 영역,11,50,d811,,,,,Not Started,,,,,High,
activities_participation,Activities Participation,d8,Major Life Areas,인생의 주요 영역,12,50,d812,,,,,Not Started,,,,,High,
activities_participation,Activities Participation,d8,Major Life Areas,인생의 주요 영역,13,50,d813,,,,,Not Started,,,,,High,
activities_participation,Activities Participation,d8,Major Life Areas,인생의 주요 영역,14,50,d814,,,,,Not Started,,,,,High,
activities_participation,Activities Participation,d8,Major Life Areas,인생의 주요 영역,15,50,d815,,,,,Not Started,,,,,High,
activities_participation,Activities Participation,d8,Major Life Areas,인생의 주요 영역,16,50,d816,,,,,Not Started,,,,,High,
activities_participation,Activities Participation,d8,Major Life Areas,인생의 주요 영역,17,50,d817,,,,,Not Started,,,,,High,
activities_participation,Activities Participation,d8,Major Life Areas,인생의 주요 영역,18,50,d818,,,,,Not Started,,,,,High,
activities_participation,Activities Participation,d8,Major Life Areas,인생의 주요 영역,19,50,d819,,,,,Not Started,,,,,High,
activities_participation,Activities Participation,d8,Major Life Areas,인생의 주요 영역,20,50,d820,,,,,Not Started,,,,,High,
activities_participation,Activities Participation,d8,Major Life Areas,인생의 주요 영역,21,50,d821,,,,,Not Started,,,,,High,
activities_participation,Activities Participation,d8,Major Life Areas,인생의 주요 영역,22,50,d822,,,,,Not Started,,,,,High,
activities_participation,Activities Participation,d8,Major Life Areas,인생의 주요 영역,23,50,d823,,,,,Not Started,,,,,High,
activities_participation,Activities Participation,d8,Major Life Areas,인생의 주요 영역,24,50,d824,,,,,Not Started,,,,,High,
activities_participation,Activities Participation,d8,Major Life Areas,인생의 주요 영역,25,50,d825,,,,,Not Started,,,,,High,
activities_participation,Activities Participation,d8,Major Life Areas,인생의 주요 영역,26,50,d826,,,,,Not Started,,,,,High,
activities_participation,Activities Participation,d8,Major Life Areas,인생의 주요 영역,27,50,d827,,,,,Not Started,,,,,High,
activities_participation,Activities Participation,d8,Major Life Areas,인생의 주요 영역,28,50,d828,,,,,Not Started,,,,,High,
activities_participation,Activities Participation,d8,Major Life Areas,인생의 주요 영역,29,50,d829,,,,,Not Started,,,,,High,
activities_participation,Activities Participation,d8,Major Life Areas,인생의 주요 영역,30,50,d830,,,,,Not Started,,,,,High,
activities_participation,Activities Participation,d8,Major Life Areas,인생의 주요 영역,31,50,d831,,,,,Not Started,,,,,High,
activities_participation,Activities Participation,d8,Major Life Areas,인생의 주요 영역,32,50,d832,,,,,Not Started,,,,,High,
activities_participation,Activities Participation,d8,Major Life Areas,인생의 주요 영역,33,50,d833,,,,,Not Started,,,,,High,
activities_participation,Activities Participation,d8,Major Life Areas,인생의 주요 영역,34,50,d834,,,,,Not Started,,,,,High,
activities_participation,Activities Participation,d8,Major Life Areas,인생의 주요 영역,35,50,d835,,,,,Not Started,,,,,High,
activities_participation,Activities Participation,d8,Major Life Areas,인생의 주요 영역,36,50,d836,,,,,Not Started,,,,,High,
activities_participation,Activities Participation,d8,Major Life Areas,인생의 주요 영역,37,50,d837,,,,,Not Started,,,,,High,
activities_participation,Activities Participation,d8,Major Life Areas,인생의 주요 영역,38,50,d838,,,,,Not Started,,,,,High,
activities_participation,Activities Participation,d8,Major Life Areas,인생의 주요 영역,39,50,d839,,,,,Not Started,,,,,High,
activities_participation,Activities Participation,d8,Major Life Areas,인생의 주요 영역,40,50,d840,,,,,Not Started,,,,,High,
activities_participation,Activities Participation,d8,Major Life Areas,인생의 주요 영역,41,50,d841,,,,,Not Started,,,,,High,
activities_participation,Activities Participation,d8,Major Life Areas,인생의 주요 영역,42,50,d842,,,,,Not Started,,,,,High,
activities_participation,Activities Participation,d8,Major Life Areas,인생의 주요 영역,43,50,d843,,,,,Not Started,,,,,High,
activities_participation,Activities Participation,d8,Major Life Areas,인생의 주요 영역,44,50,d844,,,,,Not Started,,,,,High,
activities_participation,Activities Participation,d8,Major Life Areas,인생의 주요 영역,45,50,d845,,,,,Not Started,,,,,High,
activities_participation,Activities Participation,d8,Major Life Areas,인생의 주요 영역,46,50,d846,,,,,Not Started,,,,,High,
activities_participation,Activities Participation,d8,Major Life Areas,인생의 주요 영역,47,50,d847,,,,,Not Started,,,,,High,
activities_participation,Activities Participation,d8,Major Life Areas,인생의 주요 영역,48,50,d848,,,,,Not Started,,,,,High,
activities_participation,Activities Participation,d8,Major Life Areas,인생의 주요 영역,49,50,d849,,,,,Not Started,,,,,High,
activities_participation,Activities Participation,d8,Major Life Areas,인생의 주요 영역,50,50,d850,,,,,Not Started,,,,,High,
activities_participation,Activities Participation,d9,"Community, Social and Civic Life","지역사회, 사회 및 시민생활",1,50,d901,,,,,Not Started,,,,,High,
activities_participation,Activities Participation,d9,"Community, Social and Civic Life","지역사회, 사회 및 시민생활",2,50,d902,,,,,Not Started,,,,,High,
activities_participation,Activities Participation,d9,"Community, Social and Civic Life","지역사회, 사회 및 시민생활",3,50,d903,,,,,Not Started,,,,,High,
activities_participation,Activities Participation,d9,"Community, Social and Civic Life","지역사회, 사회 및 시민생활",4,50,d904,,,,,Not Started,,,,,High,
activities_participation,Activities Participation,d9,"Community, Social and Civic Life","지역사회, 사회 및 시민생활",5,50,d905,,,,,Not Started,,,,,High,
activities_participation,Activities Participation,d9,"Community, Social and Civic Life","지역사회, 사회 및 시민생활",6,50,d906,,,,,Not Started,,,,,High,
activities_participation,Activities Participation,d9,"Community, Social and Civic Life","지역사회, 사회 및 시민생활",7,50,d907,,,,,Not Started,,,,,High,
activities_participation,Activities Participation,d9,"Community, Social and Civic Life","지역사회, 사회 및 시민생활",8,50,d908,,,,,Not Started,,,,,High,
activities_participation,Activities Participation,d9,"Community, Social and Civic Life","지역사회, 사회 및 시민생활",9,50,d909,,,,,Not Started,,,,,High,
activities_participation,Activities Participation,d9,"Community, Social and Civic Life","지역사회, 사회 및 시민생활",10,50,d910,,,,,Not Started,,,,,High,
activities_participation,Activities Participation,d9,"Community, Social and Civic Life","지역사회, 사회 및 시민생활",11,50,d911,,,,,Not Started,,,,,High,
activities_participation,Activities Participation,d9,"Community, Social and Civic Life","지역사회, 사회 및 시민생활",12,50,d912,,,,,Not Started,,,,,High,
activities_participation,Activities Participation,d9,"Community, Social and Civic Life","지역사회, 사회 및 시민생활",13,50,d913,,,,,Not Started,,,,,High,
activities_participation,Activities Participation,d9,"Community, Social and Civic Life","지역사회, 사회 및 시민생활",14,50,d914,,,,,Not Started,,,,,High,
activities_participation,Activities Participation,d9,"Community, Social and Civic Life","지역사회, 사회 및 시민생활",15,50,d915,,,,,Not Started,,,,,High,
activities_participation,Activities Participation,d9,"Community, Social and Civic Life","지역사회, 사회 및 시민생활",16,50,d916,,,,,Not Started,,,,,High,
activities_participation,Activities Participation,d9,"Community, Social and Civic Life","지역사회, 사회 및 시민생활",17,50,d917,,,,,Not Started,,,,,High,
activities_participation,Activities Participation,d9,"Community, Social and Civic Life","지역사회, 사회 및 시민생활",18,50,d918,,,,,Not Started,,,,,High,
activities_participation,Activities Participation,d9,"Community, Social and Civic Life","지역사회, 사회 및 시민생활",19,50,d919,,,,,Not Started,,,,,High,
activities_participation,Activities Participation,d9,"Community, Social and Civic Life","지역사회, 사회 및 시민생활",20,50,d920,,,,,Not Started,,,,,High,
activities_participation,Activities Participation,d9,"Community, Social and Civic Life","지역사회, 사회 및 시민생활",21,50,d921,,,,,Not Started,,,,,High,
activities_participation,Activities Participation,d9,"Community, Social and Civic Life","지역사회, 사회 및 시민생활",22,50,d922,,,,,Not Started,,,,,High,
activities_participation,Activities Participation,d9,"Community, Social and Civic Life","지역사회, 사회 및 시민생활",23,50,d923,,,,,Not Started,,,,,High,
activities_participation,Activities Participation,d9,"Community, Social and Civic Life","지역사회, 사회 및 시민생활",24,50,d924,,,,,Not Started,,,,,High,
activities_participation,Activities Participation,d9,"Community, Social and Civic Life","지역사회, 사회 및 시민생활",25,50,d925,,,,,Not Started,,,,,High,
activities_participation,Activities Participation,d9,"Community, Social and Civic Life","지역사회, 사회 및 시민생활",26,50,d926,,,,,Not Started,,,,,High,
activities_participation,Activities Participation,d9,"Community, Social and Civic Life","지역사회, 사회 및 시민생활",27,50,d927,,,,,Not Started,,,,,High,
activities_participation,Activities Participation,d9,"Community, Social and Civic Life","지역사회, 사회 및 시민생활",28,50,d928,,,,,Not Started,,,,,High,
activities_participation,Activities Participation,d9,"Community, Social and Civic Life","지역사회, 사회 및 시민생활",29,50,d929,,,,,Not Started,,,,,High,
activities_participation,Activities Participation,d9,"Community, Social and Civic Life","지역사회, 사회 및 시민생활",30,50,d930,,,,,Not Started,,,,,High,
activities_participation,Activities Participation,d9,"Community, Social and Civic Life","지역사회, 사회 및 시민생활",31,50,d931,,,,,Not Started,,,,,High,
activities_participation,Activities Participation,d9,"Community, Social and Civic Life","지역사회, 사회 및 시민생활",32,50,d932,,,,,Not Started,,,,,High,
activities_participation,Activities Participation,d9,"Community, Social and Civic Life","지역사회, 사회 및 시민생활",33,50,d933,,,,,Not Started,,,,,High,
activities_participation,Activities Participation,d9,"Community, Social and Civic Life","지역사회, 사회 및 시민생활",34,50,d934,,,,,Not Started,,,,,High,
activities_participation,Activities Participation,d9,"Community, Social and Civic Life","지역사회, 사회 및 시민생활",35,50,d935,,,,,Not Started,,,,,High,
activities_participation,Activities Participation,d9,"Community, Social and Civic Life","지역사회, 사회 및 시민생활",36,50,d936,,,,,Not Started,,,,,High,
activities_participation,Activities Participation,d9,"Community, Social and Civic Life","지역사회, 사회 및 시민생활",37,50,d937,,,,,Not Started,,,,,High,
activities_participation,Activities Participation,d9,"Community, Social and Civic Life","지역사회, 사회 및 시민생활",38,50,d938,,,,,Not Started,,,,,High,
activities_participation,Activities Participation,d9,"Community, Social and Civic Life","지역사회, 사회 및 시민생활",39,50,d939,,,,,Not Started,,,,,High,
activities_participation,Activities Participation,d9,"Community, Social and Civic Life","지역사회, 사회 및 시민생활",40,50,d940,,,,,Not Started,,,,,High,
activities_participation,Activities Participation,d9,"Community, Social and Civic Life","지역사회, 사회 및 시민생활",41,50,d941,,,,,Not Started,,,,,High,
activities_participation,Activities Participation,d9,"Community, Social and Civic Life","지역사회, 사회 및 시민생활",42,50,d942,,,,,Not Started,,,,,High,
activities_participation,Activities Participation,d9,"Community, Social and Civic Life","지역사회, 사회 및 시민생활",43,50,d943,,,,,Not Started,,,,,High,
activities_participation,Activities Participation,d9,"Community, Social and Civic Life","지역사회, 사회 및 시민생활",44,50,d944,,,,,Not Started,,,,,High,
activities_participation,Activities Participation,d9,"Community, Social and Civic Life","지역사회, 사회 및 시민생활",45,50,d945,,,,,Not Started,,,,,High,
activities_participation,Activities Participation,d9,"Community, Social and Civic Life","지역사회, 사회 및 시민생활",46,50,d946,,,,,Not Started,,,,,High,
activities_participation,Activities Participation,d9,"Community, Social and Civic Life","지역사회, 사회 및 시민생활",47,50,d947,,,,,Not Started,,,,,High,
activities_participation,Activities Participation,d9,"Community, Social and Civic Life","지역사회, 사회 및 시민생활",48,50,d948,,,,,Not Started,,,,,High,
activities_participation,Activities Participation,d9,"Community, Social and Civic Life","지역사회, 사회 및 시민생활",49,50,d949,,,,,Not Started,,,,,High,
activities_participation,Activities Participation,d9,"Community, Social and Civic Life","지역사회, 사회 및 시민생활",50,50,d950,,,,,Not Started,,,,,High,
environmental_factors,Environmental Factors,e1,Products and Technology,제품 및 기술,1,50,e101,,,,,Not Started,,,,,High,
environmental_factors,Environmental Factors,e1,Products and Technology,제품 및 기술,2,50,e102,,,,,Not Started,,,,,High,
environmental_factors,Environmental Factors,e1,Products and Technology,제품 및 기술,3,50,e103,,,,,Not Started,,,,,High,
environmental_factors,Environmental Factors,e1,Products and Technology,제품 및 기술,4,50,e104,,,,,Not Started,,,,,High,
environmental_factors,Environmental Factors,e1,Products and Technology,제품 및 기술,5,50,e105,,,,,Not Started,,,,,High,
environmental_factors,Environmental Factors,e1,Products and Technology,제품 및 기술,6,50,e106,,,,,Not Started,,,,,High,
environmental_factors,Environmental Factors,e1,Products and Technology,제품 및 기술,7,50,e107,,,,,Not Started,,,,,High,
environmental_factors,Environmental Factors,e1,Products and Technology,제품 및 기술,8,50,e108,,,,,Not Started,,,,,High,
environmental_factors,Environmental Factors,e1,Products and Technology,제품 및 기술,9,50,e109,,,,,Not Started,,,,,High,
environmental_factors,Environmental Factors,e1,Products and Technology,제품 및 기술,10,50,e110,,,,,Not Started,,,,,High,
environmental_factors,Environmental Factors,e1,Products and Technology,제품 및 기술,11,50,e111,,,,,Not Started,,,,,High,
environmental_factors,Environmental Factors,e1,Products and Technology,제품 및 기술,12,50,e112,,,,,Not Started,,,,,High,
environmental_factors,Environmental Factors,e1,Products and Technology,제품 및 기술,13,50,e113,,,,,Not Started,,,,,High,
environmental_factors,Environmental Factors,e1,Products and Technology,제품 및 기술,14,50,e114,,,,,Not Started,,,,,High,
environmental_factors,Environmental Factors,e1,Products and Technology,제품 및 기술,15,50,e115,,,,,Not Started,,,,,High,
environmental_factors,Environmental Factors,e1,Products and Technology,제품 및 기술,16,50,e116,,,,,Not Started,,,,,High,
environmental_factors,Environmental Factors,e1,Products and Technology,제품 및 기술,17,50,e117,,,,,Not Started,,,,,High,
environmental_factors,Environmental Factors,e1,Products and Technology,제품 및 기술,18,50,e118,,,,,Not Started,,,,,High,
environmental_factors,Environmental Factors,e1,Products and Technology,제품 및 기술,19,50,e119,,,,,Not Started,,,,,High,
environmental_factors,Environmental Factors,e1,Products and Technology,제품 및 기술,20,50,e120,,,,,Not Started,,,,,High,
environmental_factors,Environmental Factors,e1,Products and Technology,제품 및 기술,21,50,e121,,,,,Not Started,,,,,High,
environmental_factors,Environmental Factors,e1,Products and Technology,제품 및 기술,22,50,e122,,,,,Not Started,,,,,High,
environmental_factors,Environmental Factors,e1,Products and Technology,제품 및 기술,23,50,e123,,,,,Not Started,,,,,High,
environmental_factors,Environmental Factors,e1,Products and Technology,제품 및 기술,24,50,e124,,,,,Not Started,,,,,High,
environmental_factors,Environmental Factors,e1,Products and Technology,제품 및 기술,25,50,e125,,,,,Not Started,,,,,High,
environmental_factors,Environmental Factors,e1,Products and Technology,제품 및 기술,26,50,e126,,,,,Not Started,,,,,High,
environmental_factors,Environmental Factors,e1,Products and Technology,제품 및 기술,27,50,e127,,,,,Not Started,,,,,High,
environmental_factors,Environmental Factors,e1,Products and Technology,제품 및 기술,28,50,e128,,,,,Not Started,,,,,High,
environmental_factors,Environmental Factors,e1,Products and Technology,제품 및 기술,29,50,e129,,,,,Not Started,,,,,High,
environmental_factors,Environmental Factors,e1,Products and Technology,제품 및 기술,30,50,e130,,,,,Not Started,,,,,High,
environmental_factors,Environmental Factors,e1,Products and Technology,제품 및 기술,31,50,e131,,,,,Not Started,,,,,High,
environmental_factors,Environmental Factors,e1,Products and Technology,제품 및 기술,32,50,e132,,,,,Not Started,,,,,High,
environmental_factors,Environmental Factors,e1,Products and Technology,제품 및 기술,33,50,e133,,,,,Not Started,,,,,High,
environmental_factors,Environmental Factors,e1,Products and Technology,제품 및 기술,34,50,e134,,,,,Not Started,,,,,High,
environmental_factors,Environmental Factors,e1,Products and Technology,제품 및 기술,35,50,e135,,,,,Not Started,,,,,High,
environmental_factors,Environmental Factors,e1,Products and Technology,제품 및 기술,36,50,e136,,,,,Not Started,,,,,High,
environmental_factors,Environmental Factors,e1,Products and Technology,제품 및 기술,37,50,e137,,,,,Not Started,,,,,High,
environmental_factors,Environmental Factors,e1,Products and Technology,제품 및 기술,38,50,e138,,,,,Not Started,,,,,High,
environmental_factors,Environmental Factors,e1,Products and Technology,제품 및 기술,39,50,e139,,,,,Not Started,,,,,High,
environmental_factors,Environmental Factors,e1,Products and Technology,제품 및 기술,40,50,e140,,,,,Not Started,,,,,High,
environmental_factors,Environmental Factors,e1,Products and Technology,제품 및 기술,41,50,e141,,,,,Not Started,,,,,High,
environmental_factors,Environmental Factors,e1,Products and Technology,제품 및 기술,42,50,e142,,,,,Not Started,,,,,High,
environmental_factors,Environmental Factors,e1,Products and Technology,제품 및 기술,43,50,e143,,,,,Not Started,,,,,High,
environmental_factors,Environmental Factors,e1,Products and Technology,제품 및 기술,44,50,e144,,,,,Not Started,,,,,High,
environmental_factors,Environmental Factors,e1,Products and Technology,제품 및 기술,45,50,e145,,,,,Not Started,,,,,High,
environmental_factors,Environmental Factors,e1,Products and Technology,제품 및 기술,46,50,e146,,,,,Not Started,,,,,High,
environmental_factors,Environmental Factors,e1,Products and Technology,제품 및 기술,47,50,e147,,,,,Not Started,,,,,High,
environmental_factors,Environmental Factors,e1,Products and Technology,제품 및 기술,48,50,e148,,,,,Not Started,,,,,High,
environmental_factors,Environmental Factors,e1,Products and Technology,제품 및 기술,49,50,e149,,,,,Not Started,,,,,High,
environmental_factors,Environmental Factors,e1,Products and Technology,제품 및 기술,50,50,e150,,,,,Not Started,,,,,High,
environmental_factors,Environmental Factors,e2,Natural Environment and Human-Made Changes to Environment,자연환경 및 환경의 인위적 변화,1,20,e201,,,,,Not Started,,,,,High,
environmental_factors,Environmental Factors,e2,Natural Environment and Human-Made Changes to Environment,자연환경 및 환경의 인위적 변화,2,20,e202,,,,,Not Started,,,,,High,
environmental_factors,Environmental Factors,e2,Natural Environment and Human-Made Changes to Environment,자연환경 및 환경의 인위적 변화,3,20,e203,,,,,Not Started,,,,,High,
environmental_factors,Environmental Factors,e2,Natural Environment and Human-Made Changes to Environment,자연환경 및 환경의 인위적 변화,4,20,e204,,,,,Not Started,,,,,High,
environmental_factors,Environmental Factors,e2,Natural Environment and Human-Made Changes to Environment,자연환경 및 환경의 인위적 변화,5,20,e205,,,,,Not Started,,,,,High,
environmental_factors,Environmental Factors,e2,Natural Environment and Human-Made Changes to Environment,자연환경 및 환경의 인위적 변화,6,20,e206,,,,,Not Started,,,,,High,
environmental_factors,Environmental Factors,e2,Natural Environment and Human-Made Changes to Environment,자연환경 및 환경의 인위적 변화,7,20,e207,,,,,Not Started,,,,,High,
environmental_factors,Environmental Factors,e2,Natural Environment and Human-Made Changes to Environment,자연환경 및 환경의 인위적 변화,8,20,e208,,,,,Not Started,,,,,High,
environmental_factors,Environmental Factors,e2,Natural Environment and Human-Made Changes to Environment,자연환경 및 환경의 인위적 변화,9,20,e209,,,,,Not Started,,,,,High,
environmental_factors,Environmental Factors,e2,Natural Environment and Human-Made Changes to Environment,자연환경 및 환경의 인위적 변화,10,20,e210,,,,,Not Started,,,,,High,
environmental_factors,Environmental Factors,e2,Natural Environment and Human-Made Changes to Environment,자연환경 및 환경의 인위적 변화,11,20,e211,,,,,Not Started,,,,,High,
environmental_factors,Environmental Factors,e2,Natural Environment and Human-Made Changes to Environment,자연환경 및 환경의 인위적 변화,12,20,e212,,,,,Not Started,,,,,High,
environmental_factors,Environmental Factors,e2,Natural Environment and Human-Made Changes to Environment,자연환경 및 환경의 인위적 변화,13,20,e213,,,,,Not Started,,,,,High,
environmental_factors,Environmental Factors,e2,Natural Environment and Human-Made Changes to Environment,자연환경 및 환경의 인위적 변화,14,20,e214,,,,,Not Started,,,,,High,
environmental_factors,Environmental Factors,e2,Natural Environment and Human-Made Changes to Environment,자연환경 및 환경의 인위적 변화,15,20,e215,,,,,Not Started,,,,,High,
environmental_factors,Environmental Factors,e2,Natural Environment and Human-Made Changes to Environment,자연환경 및 환경의 인위적 변화,16,20,e216,,,,,Not Started,,,,,High,
environmental_factors,Environmental Factors,e2,Natural Environment and Human-Made Changes to Environment,자연환경 및 환경의 인위적 변화,17,20,e217,,,,,Not Started,,,,,High,
environmental_factors,Environmental Factors,e2,Natural Environment and Human-Made Changes to Environment,자연환경 및 환경의 인위적 변화,18,20,e218,,,,,Not Started,,,,,High,
environmental_factors,Environmental Factors,e2,Natural Environment and Human-Made Changes to Environment,자연환경 및 환경의 인위적 변화,19,20,e219,,,,,Not Started,,,,,High,
environmental_factors,Environmental Factors,e2,Natural Environment and Human-Made Changes to Environment,자연환경 및 환경의 인위적 변화,20,20,e220,,,,,Not Started,,,,,High,
environmental_factors,Environmental Factors,e3,Support and Relationships,지지 및 관계,1,40,e301,,,,,Not Started,,,,,High,
environmental_factors,Environmental Factors,e3,Support and Relationships,지지 및 관계,2,40,e302,,,,,Not Started,,,,,High,
environmental_factors,Environmental Factors,e3,Support and Relationships,지지 및 관계,3,40,e303,,,,,Not Started,,,,,High,
environmental_factors,Environmental Factors,e3,Support and Relationships,지지 및 관계,4,40,e304,,,,,Not Started,,,,,High,
environmental_factors,Environmental Factors,e3,Support and Relationships,지지 및 관계,5,40,e305,,,,,Not Started,,,,,High,
environmental_factors,Environmental Factors,e3,Support and Relationships,지지 및 관계,6,40,e306,,,,,Not Started,,,,,High,
environmental_factors,Environmental Factors,e3,Support and Relationships,지지 및 관계,7,40,e307,,,,,Not Started,,,,,High,
environmental_factors,Environmental Factors,e3,Support and Relationships,지지 및 관계,8,40,e308,,,,,Not Started,,,,,High,
environmental_factors,Environmental Factors,e3,Support and Relationships,지지 및 관계,9,40,e309,,,,,Not Started,,,,,High,
environmental_factors,Environmental Factors,e3,Support and Relationships,지지 및 관계,10,40,e310,,,,,Not Started,,,,,High,
environmental_factors,Environmental Factors,e3,Support and Relationships,지지 및 관계,11,40,e311,,,,,Not Started,,,,,High,
environmental_factors,Environmental Factors,e3,Support and Relationships,지지 및 관계,12,40,e312,,,,,Not Started,,,,,High,
environmental_factors,Environmental Factors,e3,Support and Relationships,지지 및 관계,13,40,e313,,,,,Not Started,,,,,High,
environmental_factors,Environmental Factors,e3,Support and Relationships,지지 및 관계,14,40,e314,,,,,Not Started,,,,,High,
environmental_factors,Environmental Factors,e3,Support and Relationships,지지 및 관계,15,40,e315,,,,,Not Started,,,,,High,
environmental_factors,Environmental Factors,e3,Support and Relationships,지지 및 관계,16,40,e316,,,,,Not Started,,,,,High,
environmental_factors,Environmental Factors,e3,Support and Relationships,지지 및 관계,17,40,e317,,,,,Not Started,,,,,High,
environmental_factors,Environmental Factors,e3,Support and Relationships,지지 및 관계,18,40,e318,,,,,Not Started,,,,,High,
environmental_factors,Environmental Factors,e3,Support and Relationships,지지 및 관계,19,40,e319,,,,,Not Started,,,,,High,
environmental_factors,Environmental Factors,e3,Support and Relationships,지지 및 관계,20,40,e320,,,,,Not Started,,,,,High,
environmental_factors,Environmental Factors,e3,Support and Relationships,지지 및 관계,21,40,e321,,,,,Not Started,,,,,High,
environmental_factors,Environmental Factors,e3,Support and Relationships,지지 및 관계,22,40,e322,,,,,Not Started,,,,,High,
environmental_factors,Environmental Factors,e3,Support and Relationships,지지 및 관계,23,40,e323,,,,,Not Started,,,,,High,
environmental_factors,Environmental Factors,e3,Support and Relationships,지지 및 관계,24,40,e324,,,,,Not Started,,,,,High,
environmental_factors,Environmental Factors,e3,Support and Relationships,지지 및 관계,25,40,e325,,,,,Not Started,,,,,High,
environmental_factors,Environmental Factors,e3,Support and Relationships,지지 및 관계,26,40,e326,,,,,Not Started,,,,,High,
environmental_factors,Environmental Factors,e3,Support and Relationships,지지 및 관계,27,40,e327,,,,,Not Started,,,,,High,
environmental_factors,Environmental Factors,e3,Support and Relationships,지지 및 관계,28,40,e328,,,,,Not Started,,,,,High,
environmental_factors,Environmental Factors,e3,Support and Relationships,지지 및 관계,29,40,e329,,,,,Not Started,,,,,High,
environmental_factors,Environmental Factors,e3,Support and Relationships,지지 및 관계,30,40,e330,,,,,Not Started,,,,,High,
environmental_factors,Environmental Factors,e3,Support and Relationships,지지 및 관계,31,40,e331,,,,,Not Started,,,,,High,
environmental_factors,Environmental Factors,e3,Support and Relationships,지지 및 관계,32,40,e332,,,,,Not Started,,,,,High,
environmental_factors,Environmental Factors,e3,Support and Relationships,지지 및 관계,33,40,e333,,,,,Not Started,,,,,High,
environmental_factors,Environmental Factors,e3,Support and Relationships,지지 및 관계,34,40,e334,,,,,Not Started,,,,,High,
environmental_factors,Environmental Factors,e3,Support and Relationships,지지 및 관계,35,40,e335,,,,,Not Started,,,,,High,
environmental_factors,Environmental Factors,e3,Support and Relationships,지지 및 관계,36,40,e336,,,,,Not Started,,,,,High,
environmental_factors,Environmental Factors,e3,Support and Relationships,지지 및 관계,37,40,e337,,,,,Not Started,,,,,High,
environmental_factors,Environmental Factors,e3,Support and Relationships,지지 및 관계,38,40,e338,,,,,Not Started,,,,,High,
environmental_factors,Environmental Factors,e3,Support and Relationships,지지 및 관계,39,40,e339,,,,,Not Started,,,,,High,
environmental_factors,Environmental Factors,e3,Support and Relationships,지지 및 관계,40,40,e340,,,,,Not Started,,,,,High,
environmental_factors,Environmental Factors,e4,Attitudes,태도,1,40,e401,,,,,Not Started,,,,,High,
environmental_factors,Environmental Factors,e4,Attitudes,태도,2,40,e402,,,,,Not Started,,,,,High,
environmental_factors,Environmental Factors,e4,Attitudes,태도,3,40,e403,,,,,Not Started,,,,,High,
environmental_factors,Environmental Factors,e4,Attitudes,태도,4,40,e404,,,,,Not Started,,,,,High,
environmental_factors,Environmental Factors,e4,Attitudes,태도,5,40,e405,,,,,Not Started,,,,,High,
environmental_factors,Environmental Factors,e4,Attitudes,태도,6,40,e406,,,,,Not Started,,,,,High,
environmental_factors,Environmental Factors,e4,Attitudes,태도,7,40,e407,,,,,Not Started,,,,,High,
environmental_factors,Environmental Factors,e4,Attitudes,태도,8,40,e408,,,,,Not Started,,,,,High,
environmental_factors,Environmental Factors,e4,Attitudes,태도,9,40,e409,,,,,Not Started,,,,,High,
environmental_factors,Environmental Factors,e4,Attitudes,태도,10,40,e410,,,,,Not Started,,,,,High,
environmental_factors,Environmental Factors,e4,Attitudes,태도,11,40,e411,,,,,Not Started,,,,,High,
environmental_factors,Environmental Factors,e4,Attitudes,태도,12,40,e412,,,,,Not Started,,,,,High,
environmental_factors,Environmental Factors,e4,Attitudes,태도,13,40,e413,,,,,Not Started,,,,,High,
environmental_factors,Environmental Factors,e4,Attitudes,태도,14,40,e414,,,,,Not Started,,,,,High,
environmental_factors,Environmental Factors,e4,Attitudes,태도,15,40,e415,,,,,Not Started,,,,,High,
environmental_factors,Environmental Factors,e4,Attitudes,태도,16,40,e416,,,,,Not Started,,,,,High,
environmental_factors,Environmental Factors,e4,Attitudes,태도,17,40,e417,,,,,Not Started,,,,,High,
environmental_factors,Environmental Factors,e4,Attitudes,태도,18,40,e418,,,,,Not Started,,,,,High,
environmental_factors,Environmental Factors,e4,Attitudes,태도,19,40,e419,,,,,Not Started,,,,,High,
environmental_factors,Environmental Factors,e4,Attitudes,태도,20,40,e420,,,,,Not Started,,,,,High,
environmental_factors,Environmental Factors,e4,Attitudes,태도,21,40,e421,,,,,Not Started,,,,,High,
environmental_factors,Environmental Factors,e4,Attitudes,태도,22,40,e422,,,,,Not Started,,,,,High,
environmental_factors,Environmental Factors,e4,Attitudes,태도,23,40,e423,,,,,Not Started,,,,,High,
environmental_factors,Environmental Factors,e4,Attitudes,태도,24,40,e424,,,,,Not Started,,,,,High,
environmental_factors,Environmental Factors,e4,Attitudes,태도,25,40,e425,,,,,Not Started,,,,,High,
environmental_factors,Environmental Factors,e4,Attitudes,태도,26,40,e426,,,,,Not Started,,,,,High,
environmental_factors,Environmental Factors,e4,Attitudes,태도,27,40,e427,,,,,Not Started,,,,,High,
environmental_factors,Environmental Factors,e4,Attitudes,태도,28,40,e428,,,,,Not Started,,,,,High,
environmental_factors,Environmental Factors,e4,Attitudes,태도,29,40,e429,,,,,Not Started,,,,,High,
environmental_factors,Environmental Factors,e4,Attitudes,태도,30,40,e430,,,,,Not Started,,,,,High,
environmental_factors,Environmental Factors,e4,Attitudes,태도,31,40,e431,,,,,Not Started,,,,,High,
environmental_factors,Environmental Factors,e4,Attitudes,태도,32,40,e432,,,,,Not Started,,,,,High,
environmental_factors,Environmental Factors,e4,Attitudes,태도,33,40,e433,,,,,Not Started,,,,,High,
environmental_factors,Environmental Factors,e4,Attitudes,태도,34,40,e434,,,,,Not Started,,,,,High,
environmental_factors,Environmental Factors,e4,Attitudes,태도,35,40,e435,,,,,Not Started,,,,,High,
environmental_factors,Environmental Factors,e4,Attitudes,태도,36,40,e436,,,,,Not Started,,,,,High,
environmental_factors,Environmental Factors,e4,Attitudes,태도,37,40,e437,,,,,Not Started,,,,,High,
environmental_factors,Environmental Factors,e4,Attitudes,태도,38,40,e438,,,,,Not Started,,,,,High,
environmental_factors,Environmental Factors,e4,Attitudes,태도,39,40,e439,,,,,Not Started,,,,,High,
environmental_factors,Environmental Factors,e4,Attitudes,태도,40,40,e440,,,,,Not Started,,,,,High,
environmental_factors,Environmental Factors,e5,"Services, Systems and Policies","서비스, 시스템 및 정책",1,50,e501,,,,,Not Started,,,,,High,
environmental_factors,Environmental Factors,e5,"Services, Systems and Policies","서비스, 시스템 및 정책",2,50,e502,,,,,Not Started,,,,,High,
environmental_factors,Environmental Factors,e5,"Services, Systems and Policies","서비스, 시스템 및 정책",3,50,e503,,,,,Not Started,,,,,High,
environmental_factors,Environmental Factors,e5,"Services, Systems and Policies","서비스, 시스템 및 정책",4,50,e504,,,,,Not Started,,,,,High,
environmental_factors,Environmental Factors,e5,"Services, Systems and Policies","서비스, 시스템 및 정책",5,50,e505,,,,,Not Started,,,,,High,
environmental_factors,Environmental Factors,e5,"Services, Systems and Policies","서비스, 시스템 및 정책",6,50,e506,,,,,Not Started,,,,,High,
environmental_factors,Environmental Factors,e5,"Services, Systems and Policies","서비스, 시스템 및 정책",7,50,e507,,,,,Not Started,,,,,High,
environmental_factors,Environmental Factors,e5,"Services, Systems and Policies","서비스, 시스템 및 정책",8,50,e508,,,,,Not Started,,,,,High,
environmental_factors,Environmental Factors,e5,"Services, Systems and Policies","서비스, 시스템 및 정책",9,50,e509,,,,,Not Started,,,,,High,
environmental_factors,Environmental Factors,e5,"Services, Systems and Policies","서비스, 시스템 및 정책",10,50,e510,,,,,Not Started,,,,,High,
environmental_factors,Environmental Factors,e5,"Services, Systems and Policies","서비스, 시스템 및 정책",11,50,e511,,,,,Not Started,,,,,High,
environmental_factors,Environmental Factors,e5,"Services, Systems and Policies","서비스, 시스템 및 정책",12,50,e512,,,,,Not Started,,,,,High,
environmental_factors,Environmental Factors,e5,"Services, Systems and Policies","서비스, 시스템 및 정책",13,50,e513,,,,,Not Started,,,,,High,
environmental_factors,Environmental Factors,e5,"Services, Systems and Policies","서비스, 시스템 및 정책",14,50,e514,,,,,Not Started,,,,,High,
environmental_factors,Environmental Factors,e5,"Services, Systems and Policies","서비스, 시스템 및 정책",15,50,e515,,,,,Not Started,,,,,High,
environmental_factors,Environmental Factors,e5,"Services, Systems and Policies","서비스, 시스템 및 정책",16,50,e516,,,,,Not Started,,,,,High,
environmental_factors,Environmental Factors,e5,"Services, Systems and Policies","서비스, 시스템 및 정책",17,50,e517,,,,,Not Started,,,,,High,
environmental_factors,Environmental Factors,e5,"Services, Systems and Policies","서비스, 시스템 및 정책",18,50,e518,,,,,Not Started,,,,,High,
environmental_factors,Environmental Factors,e5,"Services, Systems and Policies","서비스, 시스템 및 정책",19,50,e519,,,,,Not Started,,,,,High,
environmental_factors,Environmental Factors,e5,"Services, Systems and Policies","서비스, 시스템 및 정책",20,50,e520,,,,,Not Started,,,,,High,
environmental_factors,Environmental Factors,e5,"Services, Systems and Policies","서비스, 시스템 및 정책",21,50,e521,,,,,Not Started,,,,,High,
environmental_factors,Environmental Factors,e5,"Services, Systems and Policies","서비스, 시스템 및 정책",22,50,e522,,,,,Not Started,,,,,High,
environmental_factors,Environmental Factors,e5,"Services, Systems and Policies","서비스, 시스템 및 정책",23,50,e523,,,,,Not Started,,,,,High,
environmental_factors,Environmental Factors,e5,"Services, Systems and Policies","서비스, 시스템 및 정책",24,50,e524,,,,,Not Started,,,,,High,
environmental_factors,Environmental Factors,e5,"Services, Systems and Policies","서비스, 시스템 및 정책",25,50,e525,,,,,Not Started,,,,,High,
environmental_factors,Environmental Factors,e5,"Services, Systems and Policies","서비스, 시스템 및 정책",26,50,e526,,,,,Not Started,,,,,High,
environmental_factors,Environmental Factors,e5,"Services, Systems and Policies","서비스, 시스템 및 정책",27,50,e527,,,,,Not Started,,,,,High,
environmental_factors,Environmental Factors,e5,"Services, Systems and Policies","서비스, 시스템 및 정책",28,50,e528,,,,,Not Started,,,,,High,
environmental_factors,Environmental Factors,e5,"Services, Systems and Policies","서비스, 시스템 및 정책",29,50,e529,,,,,Not Started,,,,,High,
environmental_factors,Environmental Factors,e5,"Services, Systems and Policies","서비스, 시스템 및 정책",30,50,e530,,,,,Not Started,,,,,High,
environmental_factors,Environmental Factors,e5,"Services, Systems and Policies","서비스, 시스템 및 정책",31,50,e531,,,,,Not Started,,,,,High,
environmental_factors,Environmental Factors,e5,"Services, Systems and Policies","서비스, 시스템 및 정책",32,50,e532,,,,,Not Started,,,,,High,
environmental_factors,Environmental Factors,e5,"Services, Systems and Policies","서비스, 시스템 및 정책",33,50,e533,,,,,Not Started,,,,,High,
environmental_factors,Environmental Factors,e5,"Services, Systems and Policies","서비스, 시스템 및 정책",34,50,e534,,,,,Not Started,,,,,High,
environmental_factors,Environmental Factors,e5,"Services, Systems and Policies","서비스, 시스템 및 정책",35,50,e535,,,,,Not Started,,,,,High,
environmental_factors,Environmental Factors,e5,"Services, Systems and Policies","서비스, 시스템 및 정책",36,50,e536,,,,,Not Started,,,,,High,
environmental_factors,Environmental Factors,e5,"Services, Systems and Policies","서비스, 시스템 및 정책",37,50,e537,,,,,Not Started,,,,,High,
environmental_factors,Environmental Factors,e5,"Services, Systems and Policies","서비스, 시스템 및 정책",38,50,e538,,,,,Not Started,,,,,High,
environmental_factors,Environmental Factors,e5,"Services, Systems and Policies","서비스, 시스템 및 정책",39,50,e539,,,,,Not Started,,,,,High,
environmental_factors,Environmental Factors,e5,"Services, Systems and Policies","서비스, 시스템 및 정책",40,50,e540,,,,,Not Started,,,,,High,
environmental_factors,Environmental Factors,e5,"Services, Systems and Policies","서비스, 시스템 및 정책",41,50,e541,,,,,Not Started,,,,,High,
environmental_factors,Environmental Factors,e5,"Services, Systems and Policies","서비스, 시스템 및 정책",42,50,e542,,,,,Not Started,,,,,High,
environmental_factors,Environmental Factors,e5,"Services, Systems and Policies","서비스, 시스템 및 정책",43,50,e543,,,,,Not Started,,,,,High,
environmental_factors,Environmental Factors,e5,"Services, Systems and Policies","서비스, 시스템 및 정책",44,50,e544,,,,,Not Started,,,,,High,
environmental_factors,Environmental Factors,e5,"Services, Systems and Policies","서비스, 시스템 및 정책",45,50,e545,,,,,Not Started,,,,,High,
environmental_factors,Environmental Factors,e5,"Services, Systems and Policies","서비스, 시스템 및 정책",46,50,e546,,,,,Not Started,,,,,High,
environmental_factors,Environmental Factors,e5,"Services, Systems and Policies","서비스, 시스템 및 정책",47,50,e547,,,,,Not Started,,,,,High,
environmental_factors,Environmental Factors,e5,"Services, Systems and Policies","서비스, 시스템 및 정책",48,50,e548,,,,,Not Started,,,,,High,
environmental_factors,Environmental Factors,e5,"Services, Systems and Policies","서비스, 시스템 및 정책",49,50,e549,,,,,Not Started,,,,,High,
environmental_factors,Environmental Factors,e5,"Services, Systems and Policies","서비스, 시스템 및 정책",50,50,e550,,,,,Not Started,,,,,High,
